PD11345a,43652886,T[C>A]A,0.136765471,0.018704794,,,,,medain,hann,median_repeated,median_repeated_hann,median_repeated_repeated,median_repeated_repeated_han,second_derivative,,-2.91745E-06,median_repeated^4,median_repeated^4_han
PD24186a,43654047,T[T>A]T,0.592760181,0.370069426,0.000302379,,,,0.000239172,0.000195181,0.000270776,0.000210983,0.000286577,0.000218884,,,,0.000294478,0.000456813
PD4986a,43654525,A[T>A]A,0.290322581,0.454356627,0.000175965,0.000478344,0.000265641,,0.000302379,0.000469201,0.000302379,0.000524507,0.000302379,0.000528457,6.46292E-07,-0.221526261,,0.000302379,0.000530433
PD7217a,43655342,T[C>G]T,1,1.454356627,0.001222494,0.001398459,0.000836641,0.004053617,0.001222494,0.001013404,0.001222494,0.001045008,0.001222494,0.001045008,6.3148E-07,-0.216449135,,0.001222494,0.001045008
PD11345a,43656039,T[C>T]A,1,2.454356627,0.001432665,0.002655159,0.001320132,0.009087823,0.001432665,0.002271956,0.001432665,0.001380122,0.001432665,0.001380122,4.80106E-07,-0.164563552,,0.001432665,0.001380122
PD13304a,43656039,T[C>A]A,0.223214286,2.504181244,0.005,0.006432665,0.001504047,0.011435185,0.001432665,0.002858796,0.001432665,0.001144641,0.001432665,0.001144641,-0.000235481,1,,0.001432665,0.001144641
PD23565a,43656798,C[C>T]C,0.043763676,2.506096504,2.52008E-06,0.00500252,6.80788E-05,0.005285612,0.000280571,0.001321403,0.000280571,0.000511926,0.000280571,0.000511926,-8.3252E-07,0.285358782,,0.000280571,0.000511926
PD8609a,43657695,T[C>T]T,0.501949318,2.758049621,0.000280571,0.000283091,0.00015321,0.000617559,5.38961E-05,0.00015439,5.38961E-05,0.000110565,5.38961E-05,0.000110565,-4.4695E-07,0.153198729,,5.38961E-05,0.000110565
PD8622a,43659139,A[T>C]G,0.279069767,2.835929556,5.38961E-05,0.000334468,0.000140834,0.000390708,5.38961E-05,9.7677E-05,5.38961E-05,4.10082E-05,5.38961E-05,4.10082E-05,-4.81362E-08,0.016499401,,5.38961E-05,4.10082E-05
PD9063a,43662468,T[C>G]C,0.088351796,2.843735596,2.34416E-06,5.62403E-05,1.79485E-05,5.86616E-05,2.34416E-06,1.46654E-05,2.34416E-06,1.52322E-05,2.34416E-06,1.52322E-05,-7.74054E-09,0.002653185,,2.34416E-06,1.52322E-05
PD13604a,43663887,G[C>T]C,0.010465066,2.843845114,7.71251E-08,2.42128E-06,1.66678E-06,1.26954E-05,2.34416E-06,3.17385E-06,2.34416E-06,4.30736E-06,2.34416E-06,4.30736E-06,-7.69352E-09,0.002637067,,2.34416E-06,4.30736E-06
PD6412a,43664810,T[T>G]G,0.097067039,2.853267124,1.0197E-05,1.02741E-05,4.06809E-06,0.00043379,1.0197E-05,0.000108447,1.0197E-05,0.000109014,1.0197E-05,0.000109014,1.13319E-07,-0.038841797,,1.0197E-05,0.000109014
PD7211a,43665540,T[C>A]T,0.549668874,3.155402995,0.000413319,0.000423516,0.000188366,0.00168576,0.000413319,0.00042144,0.000413319,0.000312538,0.000413319,0.000312538,2.78419E-07,-0.09543213,,0.000413319,0.000312538
PD6047a,43666230,T[C>A]T,0.765903308,3.742010872,0.000848926,0.001262245,0.000625435,0.00231952,0.000413319,0.00057988,0.000413319,0.000373071,0.000413319,0.000373071,8.76015E-08,-0.03002673,,0.000413319,0.000373071
PD3945a,43666520,C[T>C]C,0.246231156,3.802640654,0.00020835,0.001057276,0.000659773,0.001517953,0.000252328,0.000379488,0.000252328,0.000292575,0.000252328,0.000292575,-2.76617E-07,0.094814529,,0.000252328,0.000292575
PD24201a,43666712,C[T>C]C,0.220679012,3.851339881,0.000252328,0.000460677,0.000226354,0.001554081,0.000252328,0.00038852,0.000252328,0.000399515,0.000252328,0.000399515,5.5409E-07,-0.189922467,,0.000252328,0.000399515
PD13307a,43667047,T[C>G]T,0.531602709,4.133941321,0.000841076,0.001093403,0.000627463,0.003887717,0.000841076,0.000971929,0.000841076,0.000971929,0.000841076,0.000971929,1.70362E-06,-0.583939531,,0.000841076,0.000971929
PD13297a,43667095,T[C>G]A,0.309368192,4.229649999,0.001953238,0.002794314,0.000985183,0.008165445,0.001953238,0.002041361,0.001953238,0.001675198,0.001953238,0.001675198,1.43524E-05,-4.919504379,,0.001953238,0.001675198
PD13630a,43667359,T[C>G]T,0.951704545,5.135391541,0.003417893,0.005371131,0.003199521,0.009065975,0.001953238,0.002266494,0.001953238,0.001534167,0.001953238,0.001534167,-5.32193E-07,0.182416972,,0.001953238,0.001534167
PD11389a,43668062,C[C>T]T,0.441558442,5.330365398,0.000276952,0.003694844,0.001137103,0.004238845,0.000276952,0.001059711,0.000276952,0.000693548,0.000276952,0.000693548,-1.19406E-06,0.40928221,,0.000276952,0.000693548
PD4607a,43668989,T[C>T]T,0.497817155,5.578187317,0.000267049,0.000544001,0.000271487,0.000838814,0.000267049,0.000209703,0.000267049,0.000269525,0.000267049,0.000269525,-4.56921E-07,0.1566165,,0.000267049,0.000269525
PD11345a,43669912,T[C>T]G,0.160166407,5.603840595,2.77633E-05,0.000294813,0.000147745,0.000619245,0.000267049,0.000154811,0.000267049,0.000207768,0.000267049,0.000207768,-6.68362E-08,0.022909121,,0.000267049,0.000207768
PD11345a,43670992,T[C>T]T,0.566302652,5.924539289,0.000296669,0.000324432,0.00017283,0.000651025,2.99247E-05,0.000162756,2.99247E-05,8.92059E-05,2.99247E-05,8.92059E-05,-1.09678E-07,0.037593916,,2.99247E-05,8.92059E-05
PD7322a,43671480,A[T>C]C,0.120967742,5.939172484,2.99247E-05,0.000326593,0.000213723,0.00035822,2.99247E-05,8.9555E-05,2.99247E-05,2.99247E-05,2.99247E-05,2.99247E-05,-1.21229E-07,0.041553193,,2.99247E-05,2.99247E-05
PD9467a,43675810,G[T>C]A,0.085858586,5.94654418,1.70208E-06,3.16268E-05,4.56628E-06,0.001080009,2.99247E-05,0.000270002,2.99247E-05,3.53483E-05,2.99247E-05,3.53483E-05,1.25228E-09,-0.000429237,,2.99247E-05,3.53483E-05
PD11345a,43675990,T[C>G]A,0.43525741,6.135993193,0.00104668,0.001048382,4.36313E-05,0.002146681,5.16192E-05,0.00053667,5.16192E-05,4.61956E-05,5.16192E-05,4.61956E-05,5.99294E-08,-0.02054171,,5.16192E-05,4.61956E-05
PD4975a,43678255,T[C>A]A,0.342007435,6.252962279,5.16192E-05,0.001098299,0.000125273,0.001154636,5.16192E-05,0.000288659,5.16192E-05,3.98938E-05,5.16192E-05,3.98938E-05,-2.78101E-09,0.000953232,,5.16192E-05,3.98938E-05
PD13604a,43678297,A[C>T]G,0.014242911,6.25316514,4.71769E-06,5.63369E-05,5.07677E-05,6.4406E-05,4.71769E-06,1.61015E-05,4.71769E-06,1.64431E-05,4.71769E-06,1.64431E-05,-5.45366E-07,0.186932445,,4.71769E-06,1.64431E-05
PD11372a,43679006,G[C>T]G,0.048780488,6.255544676,3.35146E-06,8.06915E-06,3.43404E-06,0.000163448,4.71769E-06,4.08619E-05,4.71769E-06,1.48443E-05,4.71769E-06,1.48443E-05,-2.25181E-09,0.000771841,,4.71769E-06,1.48443E-05
PD18024a,43679597,T[T>A]A,0.3,6.345544676,0.000152027,0.000155378,7.10066E-05,0.00035263,4.52241E-05,8.81574E-05,4.52241E-05,3.50975E-05,4.52241E-05,3.50975E-05,3.42115E-08,-0.011726488,,4.52241E-05,3.50975E-05
PD6727b,43679736,T[T>G]A,0.079569892,6.351876043,4.52241E-05,0.000197251,0.00013178,0.00054755,0.000152027,0.000136888,4.52241E-05,7.19248E-05,4.52241E-05,7.19248E-05,2.63052E-07,-0.090165133,,4.52241E-05,7.19248E-05
PD7220a,43680741,T[C>T]G,0.55399061,6.65878164,0.000305075,0.000350299,0.000273569,0.000657162,4.52241E-05,0.000164291,0.000152027,0.000140523,0.000152027,0.000140523,6.81888E-08,-0.023372722,,0.000152027,0.000140523
PD24182a,43681988,T[T>A]C,0.047235023,6.661012787,1.78778E-06,0.000306863,0.000137211,0.00285318,0.000305075,0.000713295,0.000212813,0.000220682,0.000212813,0.000197616,4.57481E-08,-0.015680835,,0.000212813,0.000197616
PD24333a,43682380,C[T>G]T,1,7.661012787,0.002544529,0.002546317,0.000611117,0.005303659,0.000212813,0.001325915,0.000305075,0.000258944,0.000212813,0.000235878,9.73589E-08,-0.0333712,,0.000212813,0.000212813
PD13620a,43682554,C[C>A]C,0.192982456,7.698255015,0.000212813,0.002757342,0.001829351,0.003400262,0.000430108,0.000850066,0.000212813,0.000290202,0.000305075,0.000258944,1.31803E-07,-0.045177597,,0.000212813,0.000212813
PD8964a,43684878,T[C>G]T,1,8.698255015,0.000430108,0.00064292,0.000415063,0.001179585,0.000212813,0.000294896,0.000430108,0.00032146,0.000212813,0.000235878,-9.92069E-09,0.003400464,,0.000212813,0.000212813
PD23579a,43685592,A[C>T]C,0.276022681,8.774443536,0.000106557,0.000536665,0.000354126,0.001568185,0.000430108,0.000392046,0.000212813,0.000240573,0.000212813,0.000186249,-6.94118E-08,0.023791933,,0.000212813,0.000186249
PD11345a,43685861,T[C>G]T,0.49973999,9.024183593,0.000924963,0.001031521,0.000331228,0.002026009,0.000106557,0.000506502,0.000106557,0.000123863,0.000106557,0.000123863,-2.31058E-07,0.079198593,,0.000106557,0.000123863
PD5956a,43687671,A[T>C]T,0.35483871,9.150094103,6.95254E-05,0.000994489,0.000180601,0.001085883,6.95254E-05,0.000271471,6.95254E-05,6.68693E-05,6.95254E-05,6.68693E-05,-3.14709E-08,0.010787138,,6.95254E-05,6.68693E-05
PD18024a,43689912,T[T>C]C,0.221428571,9.199124715,2.18691E-05,9.13945E-05,4.3174E-05,0.000114823,2.18691E-05,2.87058E-05,2.18691E-05,3.37832E-05,2.18691E-05,3.37832E-05,-1.47574E-08,0.005058324,,2.18691E-05,3.37832E-05
PD24182a,43696804,T[T>A]A,0.103686636,9.209875634,1.55969E-06,2.34288E-05,6.54495E-06,0.001320816,2.18691E-05,0.000330204,2.18691E-05,0.000114835,2.18691E-05,0.000114835,1.17585E-08,-0.004030404,,2.18691E-05,0.000114835
PD24335a,43696826,A[C>T]T,0.172638436,9.239679664,0.001295827,0.001297387,5.86478E-06,0.002986945,0.000393731,0.000746736,0.000393731,0.000300766,0.000393731,0.000300766,8.08395E-06,-2.770895578,,0.000393731,0.000300766
PD11369a,43697975,T[C>T]T,0.672897196,9.6924703,0.000393731,0.001689558,0.00041177,0.00228118,0.000393731,0.000570295,0.000393731,0.000393731,0.000393731,0.000393731,8.08395E-08,-0.027708956,,0.000393731,0.000393731
PD5937a,43699268,T[C>T]T,0.506033969,9.948540678,0.000197891,0.000591622,0.00029016,0.004352831,0.000393731,0.001088208,0.000393731,0.000344771,0.000393731,0.000344771,-3.78363E-08,0.012968939,,0.000393731,0.000344771
PD11345a,43699357,T[C>T]T,0.566302652,10.26923937,0.003563319,0.003761209,0.000417042,0.00733996,0.000197891,0.00183499,0.000197891,0.000211817,0.000197891,0.000211817,-1.47727E-06,0.506354807,,0.000197891,0.000211817
PD11397a,43699559,A[T>G]A,0.055970149,10.27237203,1.54318E-05,0.003578751,0.001109011,0.003651938,5.77558E-05,0.000912985,5.77558E-05,9.27895E-05,5.77558E-05,9.27895E-05,-5.86342E-07,0.200977548,,5.77558E-05,9.27895E-05
PD7243a,43700851,A[T>C]T,0.273273273,10.34705031,5.77558E-05,7.31876E-05,5.20475E-05,0.000142165,1.54318E-05,3.55411E-05,5.77558E-05,4.71748E-05,5.77558E-05,5.77558E-05,-2.70949E-08,0.009287175,,5.77558E-05,5.77558E-05
PD7219a,43703436,T[C>T]C,0.170345689,10.37606797,1.12211E-05,6.89769E-05,2.67395E-05,0.000366375,5.77558E-05,9.15937E-05,1.54318E-05,3.65938E-05,5.77558E-05,5.77558E-05,0,0,,5.77558E-05,5.77558E-05
PD11345a,43704097,T[C>G]A,0.43525741,10.56551698,0.000286177,0.000297398,6.72826E-05,0.000588104,1.12211E-05,0.000147026,5.77558E-05,0.00010428,5.77558E-05,0.000114861,8.62617E-08,-0.029567478,,5.77558E-05,0.000114861
PD6733b,43704688,A[T>G]T,0.051779935,10.56819814,4.52899E-06,0.000290706,0.000153336,0.000689091,0.000286177,0.000172273,0.000286177,0.000249424,0.000286177,0.000249424,2.27303E-07,-0.077911502,,0.000286177,0.000249424
PD11345a,43707226,T[C>T]A,1,11.56819814,0.000393856,0.000398385,0.000320345,0.001159829,0.000367588,0.000289957,0.000367588,0.000353802,0.000367588,0.000353802,4.11099E-08,-0.014091017,,0.000367588,0.000353802
PD18776a,43707430,T[C>T]T,0.274509804,11.64355377,0.000367588,0.000761444,0.000392036,0.002603401,0.000393856,0.00065085,0.000393856,0.000657417,0.000393856,0.000657417,1.48105E-06,-0.507651084,,0.000393856,0.000657417
PD18247a,43707829,T[C>G]A,0.767950052,12.23330106,0.001474368,0.001841957,0.001101164,0.004999827,0.001474368,0.001249957,0.001474368,0.00120424,0.001474368,0.00120424,1.36706E-06,-0.468579378,,0.001474368,0.00120424
PD24218a,43708422,A[C>T]G,1,13.23330106,0.001683502,0.00315787,0.001600954,0.004848123,0.001474368,0.001212031,0.001474368,0.001107464,0.001474368,0.001107464,-1.62923E-07,0.055844164,,0.001474368,0.001107464
PD5937a,43709581,T[C>G]C,0.088498212,13.24113299,6.75167E-06,0.001690253,0.000574918,0.001698449,6.75167E-06,0.000424612,6.75167E-06,0.000373656,6.75167E-06,0.000373656,-6.32593E-07,0.216830804,,6.75167E-06,0.000373656
PD11345a,43710254,A[C>A]C,0.031201248,13.24210651,1.44439E-06,8.19606E-06,4.80385E-06,0.000648337,6.75167E-06,0.000162084,6.75167E-06,0.000101794,6.75167E-06,0.000101794,-4.03356E-07,0.138256215,,6.75167E-06,0.000101794
PD13425a,43710385,T[C>T]T,0.290358389,13.3264145,0.000638697,0.000640141,0.00010594,0.001665759,0.000386921,0.00041644,0.000386921,0.000291879,0.000386921,0.000291879,1.44004E-06,-0.493593597,,0.000386921,0.000291879
PD5932a,43710438,T[T>G]T,0.144546649,13.34730823,0.000386921,0.001025618,0.000568658,0.002243794,0.000638697,0.000560949,0.000386921,0.000386921,0.000386921,0.000386921,1.76004E-06,-0.603281063,,0.000386921,0.000386921
PD8660a2,43711640,T[C>G]T,1,14.34730823,0.000831255,0.001218176,0.000812813,0.002051505,0.000386921,0.000512876,0.000386921,0.000294674,0.000386921,0.000294674,-7.66809E-08,0.026283537,,0.000386921,0.000294674
PD7321a,43714560,T[T>G]A,0.077830189,14.35336577,2.07379E-06,0.000833329,0.000244011,0.000853335,1.79323E-05,0.000213334,1.79323E-05,0.000110179,1.79323E-05,0.000110179,-6.31614E-08,0.0216495,,1.79323E-05,0.000110179
PD22357a,43714582,T[T>C]A,0.020308692,14.35377822,1.79323E-05,2.00061E-05,2.19843E-06,0.00019668,1.79323E-05,4.917E-05,1.79323E-05,5.31346E-05,1.79323E-05,5.31346E-05,-2.48021E-06,0.850129747,,1.79323E-05,5.31346E-05
PD8830a,43714988,T[T>C]C,0.254180602,14.41838599,0.000158741,0.000176674,0.000151562,0.000529509,0.000158741,0.000132377,0.000158741,0.000132377,0.000158741,0.000132377,1.94699E-07,-0.066736151,,0.000158741,0.000132377
PD6466b,43715296,A[C>A]C,0.244897959,14.478361,0.000194094,0.000352835,0.000174242,0.001018936,0.000194094,0.000254734,0.000194094,0.000185256,0.000194094,0.000185256,1.71128E-07,-0.058656616,,0.000194094,0.000185256
PD8832a,43716031,T[C>G]A,0.589403974,14.82575805,0.000472007,0.000666101,0.000390203,0.001232787,0.000194094,0.000308197,0.000194094,0.000194094,0.000194094,0.000194094,1.20083E-08,-0.004116022,,0.000194094,0.000194094
PD9064a,43718207,A[T>C]A,0.454,15.03187405,9.46789E-05,0.000566686,0.00019008,0.000910953,0.000249588,0.000227738,0.000194094,0.000186921,0.000194094,0.000186921,-3.2949E-09,0.001129376,,0.000194094,0.000186921
PD13604a,43719513,T[C>G]A,0.57114942,15.35808571,0.000249588,0.000344267,0.000152836,0.000759257,0.000165402,0.000189814,0.000165402,0.000172575,0.000165402,0.000172575,-1.09763E-08,0.003762284,,0.000165402,0.000172575
PD24201a,43719958,T[T>A]G,0.271604938,15.43185495,0.000165402,0.00041499,0.0002283,0.0006124,0.000165402,0.0001531,0.000165402,0.000132053,0.000165402,0.000132053,-9.08552E-08,0.031141959,,0.000165402,0.000132053
PD5937a,43720023,G[T>C]T,0.045962455,15.4339675,3.20083E-05,0.00019741,0.000148497,0.000240708,3.20083E-05,6.0177E-05,3.20083E-05,6.53567E-05,3.20083E-05,6.53567E-05,-1.01056E-06,0.346383678,,3.20083E-05,6.53567E-05
PD11395a,43722064,C[T>A]T,0.151832461,15.45702059,1.12895E-05,4.32978E-05,1.19438E-05,0.000101565,3.20083E-05,2.53912E-05,3.20083E-05,3.57506E-05,3.20083E-05,3.57506E-05,-1.44986E-08,0.004969605,,3.20083E-05,3.57506E-05
PD14468a,43722321,T[T>G]A,0.110091743,15.46914079,4.69775E-05,5.8267E-05,1.52994E-05,0.001580505,4.69775E-05,0.000395126,4.69775E-05,4.32352E-05,4.69775E-05,4.32352E-05,2.90101E-08,-0.009943634,,4.69775E-05,4.32352E-05
PD11380a,43722476,G[C>T]A,0.47972973,15.6992814,0.00147526,0.001522238,0.000586588,0.003000689,4.69775E-05,0.000750172,4.69775E-05,4.69775E-05,4.69775E-05,4.69775E-05,2.39891E-08,-0.00822262,,4.69775E-05,4.69775E-05
PD11342a,43724566,A[T>A]T,0.081683168,15.70595354,3.19088E-06,0.001478451,0.000105438,0.001667575,0.000185933,0.000416894,4.69775E-05,6.6249E-05,4.69775E-05,5.52951E-05,3.97782E-09,-0.001363457,,4.69775E-05,5.52951E-05
PD6727b,43725234,T[C>T]G,0.352688172,15.83034249,0.000185933,0.000189124,4.75031E-05,0.000411489,3.64323E-05,0.000102872,0.000124064,9.38382E-05,8.0248E-05,7.74073E-05,3.30526E-08,-0.011329274,,8.0248E-05,7.46688E-05
PD4248a,43727568,T[T>A]T,0.291666667,15.91541193,3.64323E-05,0.000222365,6.97497E-05,0.000382861,0.000124064,9.57152E-05,8.0248E-05,9.66788E-05,0.000102156,9.39404E-05,7.08054E-09,-0.00242696,,9.12019E-05,8.98326E-05
PD11345a,43729580,T[C>G]T,0.49973999,16.16515199,0.000124064,0.000160496,7.70208E-05,0.000160496,8.0248E-05,7.11399E-05,0.000102156,7.11399E-05,9.12019E-05,7.11399E-05,-1.13266E-08,0.003882365,,9.66788E-05,7.11399E-05