 ,,X,Y,1,2,3,4,5,6,7,8,9,10,11,12,13,14,15,16,17,18,19,20,21,22
B:ACA,0.00015048619145641276,0.0,0.00012798625455823752,0.00011874388270712221,0.0002738790534386098,0.00013167236334779954,8.822933572366141e-05,0.00019196634796958718,0.0001559750744375573,0.0001095848799350712,0.00010460659419535502,0.00016782087176537674,0.00018242368959377786,0.00014704148988317107,6.478418690135616e-05,0.00024193853206780434,0.00023513795882897293,0.00028697669854368046,0.0002485303385675762,5.503072320610013e-05,0.00035201022163712693,5.744507489715865e-05,0.00039854435399815926,0.0001687772248466837
B:ACC,9.286027230233457e-05,0.0,8.56214104812287e-05,7.57204376009567e-05,0.00016292346718667564,7.420042067758695e-05,5.938142218274772e-05,0.0001200836183843424,9.088400370180677e-05,6.741829928731039e-05,6.987983508069893e-05,0.0001040528269670248,0.00012836208162789057,0.00010151917937027631,3.445130198290502e-05,0.000167352184086132,0.00014131612878834072,0.00021480358091572298,0.00019921342526009177,3.382964874460464e-05,0.0002956107938610127,4.48295033435687e-05,0.00024294592442904555,0.000149276440210673
B:ACG,1.8892483281385947e-05,0.0,1.9782578655472485e-05,1.894352842102565e-05,3.6304393483668496e-05,1.6092354236509396e-05,1.4553406067422955e-05,2.967694708157728e-05,2.2906132682750634e-05,1.8423764158841896e-05,1.6185588934005335e-05,2.482110604492813e-05,2.9884528462041197e-05,2.578872280086029e-05,9.487224023211153e-06,4.308520001145701e-05,3.366957512378838e-05,6.195597229504259e-05,5.801283275088891e-05,1.0301930548191478e-05,8.470149997229502e-05,1.2320742698093996e-05,6.473990795500825e-05,3.423952095525587e-05
B:ACT,0.00012779983093534551,0.0,0.00011198747064255287,0.0001025295766675913,0.00023086245718695095,0.00010930814416383646,7.47941512427967e-05,0.00016042178476667965,0.0001290399726637585,8.815709140328424e-05,8.930254180150533e-05,0.00013944214859386455,0.00015582594107653385,0.00012646003319339517,5.437010043901103e-05,0.0002072984796735106,0.00020080165944530757,0.00023989812963697756,0.0002121131731637056,4.582368382728167e-05,0.0002855455602288568,4.901917655324803e-05,0.00031997442602366177,0.00013711550690587526
B:ATA,0.00015127444635587356,0.0,0.00011967154637207951,0.0001141855445691945,0.0002726031801851901,0.00014118793380453983,7.266236920339753e-05,0.00018055574038189842,0.0001657713684424268,9.537088387684723e-05,9.434608692469091e-05,0.0001605262618587674,0.00016405029359606017,0.00014453539927639558,7.170942323903658e-05,0.0002075133451549207,0.0002386970898044928,0.0002139069516936579,0.00017186451839181556,5.328885089118854e-05,0.0002258365471567455,4.270363212236105e-05,0.0003560052676533837,8.392618211158981e-05
B:ATC,0.00010287046866784503,0.0,8.77703809544628e-05,7.920525407596667e-05,0.00018064448937053605,8.72383293696952e-05,6.032888086692514e-05,0.00012577428568820767,0.00010322193708654311,6.816241541638852e-05,6.98220294059346e-05,0.00011324582920588708,0.00012812519658682414,9.89455593758931e-05,4.304663950808157e-05,0.00015892572042387393,0.00015644488662643202,0.00018420749239982204,0.00016396132088662203,3.759955811187759e-05,0.0002354923475564069,3.832775121447376e-05,0.00025219448270833236,0.00010360406771805872
B:ATG,0.00014066184380703533,0.0,0.00011498799577060118,0.00010554782411217935,0.00024587540056809844,0.00011998030329487667,8.118398888027233e-05,0.00017092492997566555,0.0001389931579883729,9.52261946295265e-05,9.561058606016009e-05,0.00015564574928805428,0.00016470172745899295,0.0001315922666515821,5.819122200412003e-05,0.0002088772738630024,0.000208939617323218,0.0002417910135502261,0.0002084978806879255,4.699322666729374e-05,0.000292932418131778,5.092780545987972e-05,0.00034343836091740816,0.0001397523435771421
B:ATT,0.00018488102109386132,0.0,0.00015065688885904698,0.0001416305387746342,0.0003350604538753185,0.00017182701923099418,9.575392038986118e-05,0.000226853885483716,0.00019792781333733485,0.00011765302796424237,0.00011702758856033499,0.00020125948316104326,0.0002029216483035604,0.00017315285309149047,8.512269665065492e-05,0.0002641724384050262,0.00029506470406968194,0.0002746674183592803,0.0002340451467875406,6.742290053218553e-05,0.0003102480319226903,5.815887107362253e-05,0.0004557483996515263,0.00011188845755838214
B:CCA,0.0001461091337626588,0.0,0.00013544539132234154,0.00011831447404195511,0.0002529204398369809,0.00011350340671879708,9.489459739723516e-05,0.0001863166628376633,0.0001419301634939968,0.00010729052187041362,0.00011246094025395491,0.00016556372812624146,0.00020492036583755863,0.00015745602210533988,5.2280287958322105e-05,0.00026243483059883995,0.0002221956643725371,0.0003437964244308438,0.0003128369030703214,5.3064895879271327e-05,0.0004621307014601207,6.94709887397567e-05,0.00039175779618673797,0.0002523492050173571
B:CCC,0.00011103499502486191,0.0,0.00011011967387609706,9.359457328853737e-05,0.00018266168028503352,7.707086347834948e-05,7.872720647827741e-05,0.0001462302440829662,0.00010839935063812375,8.88874276040461e-05,8.907131910244811e-05,0.00013476343363327283,0.0001750876559782508,0.00013339305032112136,3.6331258816997546e-05,0.00021954581211388788,0.00015640566755232158,0.00030040399788151974,0.00030011731924357366,3.722629975868226e-05,0.00046637857124725104,7.035547530624454e-05,0.0003021409791564257,0.0002596693784629635
B:CCG,2.5679165708450985e-05,0.0,2.870783546206332e-05,2.701971446974539e-05,4.599195285054266e-05,1.845284657633061e-05,2.0574175496527155e-05,3.7896799853827124e-05,2.9075099375118816e-05,2.6340332976534243e-05,2.2298539040330562e-05,3.167475080349455e-05,5.0338071226623745e-05,3.86718293033558e-05,1.0090559007175735e-05,6.215217599224271e-05,4.083686091746611e-05,9.497628055948997e-05,0.00010284966601363593,1.4644169390363975e-05,0.0001476859789043621,2.340010074146819e-05,7.985444995773174e-05,6.31856906823716e-05
B:CCT,0.00014730112897647763,0.0,0.0001374377078732277,0.00011647297149710388,0.00025045946692129397,0.0001100809556871187,9.687214197641942e-05,0.00018858239148642446,0.0001406060007553501,0.00010471367527527267,0.00011147101807361622,0.00016601216725984453,0.00020751129597422312,0.00016035228250718217,5.146709732776115e-05,0.0002676850219272092,0.0002141753637169579,0.00034047557546023233,0.000319947378637304,5.2442798623945746e-05,0.00047635850628930385,7.231065613742822e-05,0.0003771784716770289,0.00026224718147741096
B:CTA,0.00010457514999513428,0.0,8.683045742037536e-05,7.919699621702113e-05,0.00018275749685347213,8.834234583152694e-05,5.764074227460781e-05,0.00012603774250783106,0.00010122627949938842,6.56337985703545e-05,6.776270224245628e-05,0.00010836531663517404,0.00012186254831362948,9.641695897324836e-05,4.312533537555522e-05,0.0001569358792264671,0.0001571410251918918,0.00017201997667767768,0.00014882753842986838,3.402871986630881e-05,0.00020222589741623065,3.739671272343391e-05,0.0002417898546441346,9.486708650878654e-05
B:CTC,0.00013649626913508794,0.0,0.00012770909761869892,0.00010878077588935087,0.00022979838897955345,0.00010201637829450012,8.75573010755821e-05,0.0001738639371634643,0.0001323848956007191,9.674887670847341e-05,0.00010267732980009632,0.00015202086629142976,0.00018923413452443872,0.00015036543640652898,4.786457539452337e-05,0.0002417703764736572,0.00020115463111230127,0.00031584594559486335,0.00029926454261307403,5.092488132095136e-05,0.0004543173506066845,6.399337895080559e-05,0.00035450665867294364,0.00022379659300237072
B:CTG,0.00015948383274781908,0.0,0.00015490662859863886,0.00013480541835616096,0.00028664282895009263,0.0001268777775707017,0.0001102522416500645,0.00021032050640335022,0.00016323600471534978,0.00012501150968512618,0.00012843698361693966,0.00018900962082812027,0.00023247305717660183,0.0001784951779777903,6.115543301229383e-05,0.0003064822542879163,0.00025137465551068334,0.00039502605455081117,0.00036317474614671377,6.145076688106004e-05,0.0005093520009411505,8.0038275613059e-05,0.00044855507654541427,0.00029813964482361025
B:CTT,0.00016092576244195473,0.0,0.00013663033765805006,0.00012480928010260753,0.00028271939262139505,0.00013551013485797655,9.498273308878653e-05,0.0001997646698304396,0.00015805231551097937,0.00010759368029337137,0.00010704165824480135,0.00017370289840113663,0.00019225441879803612,0.00015476234986632067,6.670786366182295e-05,0.000249888554879979,0.0002403246813800749,0.00029272176726283846,0.00025615728448824174,5.481921013928944e-05,0.0003363664602122337,6.444338088814151e-05,0.0003863628038571541,0.00017060726820808533
B:GCA,0.00010997117133941075,0.0,0.00010323895159450838,9.169113680159474e-05,0.00019985318985383832,9.21380595717294e-05,7.470050707052336e-05,0.0001453637638762048,0.00011318139806394732,8.725450609856909e-05,8.613768110815962e-05,0.00013119086853556863,0.00015379021025486888,0.00012043491116572836,4.493534032744895e-05,0.00020514048288195665,0.00017541711372734363,0.00026380824222538063,0.00022997343865036637,4.171784194213289e-05,0.0003178054870058175,5.429506133580716e-05,0.00031104699824018343,0.00018528697087051108
B:GCC,9.989048063329809e-05,0.0,0.0001005035331042796,8.648455673644359e-05,0.00017401801721641182,7.240770823242206e-05,7.153313065539534e-05,0.00013093218475683453,9.936241062081939e-05,8.184588423443638e-05,8.296559470546843e-05,0.00011793949213759889,0.0001608301375690629,0.00011923438871936884,3.383047902839074e-05,0.00020770952668142564,0.00015317009393821265,0.000284364297353466,0.00027081062940668564,4.180493555787847e-05,0.0003940965459939551,5.940025572834233e-05,0.0002862129065643205,0.00022694505469940572
B:GCG,2.2583823298373158e-05,0.0,2.588003132532167e-05,2.564890988478887e-05,4.1660035361659304e-05,1.7149055707119783e-05,1.8166969421029865e-05,3.3107740332673014e-05,2.6182023439023466e-05,2.446626272552265e-05,1.9971860631067296e-05,2.7541636788786556e-05,4.4097630926029074e-05,3.377970033444079e-05,9.294856347164474e-06,5.5295164542023844e-05,3.798367327593367e-05,8.438277234323919e-05,8.76798507415091e-05,1.2591248447789587e-05,0.00013089921637208856,2.318285842689223e-05,6.741599542007969e-05,5.450774312991883e-05
B:GCT,0.00011345743691100978,0.0,0.00010673353909303854,9.472177103460102e-05,0.00019761410793874614,9.159130856206034e-05,7.660644140032211e-05,0.0001453579092802132,0.00011316257110557791,8.67170888942349e-05,8.62243896203061e-05,0.0001299277649759201,0.00015760257888453234,0.00012313608667003726,4.346635080127432e-05,0.0002109885607672932,0.000175828914005503,0.000271114109960726,0.00025116073408982143,4.339750453151193e-05,0.00033396103997132873,5.750714412989464e-05,0.0003060373625055697,0.0001942600867070609
B:GTA,8.968161839881781e-05,0.0,7.521396656319232e-05,7.078636688100779e-05,0.00016557103026195355,7.930518250824707e-05,4.926785157722593e-05,0.00011093288484942323,9.183790292585557e-05,6.004603763811036e-05,6.0522541478227085e-05,9.482245480036231e-05,0.00010628735686350939,8.763813858424444e-05,3.926049388407196e-05,0.00014037255320298198,0.00014249270101165305,0.0001511318366525311,0.00013269684808112227,3.212510226501256e-05,0.00018117420537880626,3.171737792809084e-05,0.0002168059020702277,7.290656617196724e-05
B:GTC,7.418568061917359e-05,0.0,6.946597264319617e-05,6.075306826219953e-05,0.00013060302575913966,5.987975000125516e-05,4.887124096524468e-05,9.750244164462182e-05,7.481833255993234e-05,5.556067097116718e-05,5.599202171857471e-05,8.642169503086537e-05,0.00010271927593244579,7.90168867663252e-05,2.9012543141948947e-05,0.00013118004738960954,0.00011254893792835378,0.0001727173549615061,0.00016051418154925038,2.7608676191348903e-05,0.00022924849076086615,3.5301876118594244e-05,0.00019914372480075618,0.00011952347717369207
B:GTG,0.00011332926538264217,0.0,0.00010482557465418588,9.389598514004889e-05,0.00020315633997632792,9.09551847911954e-05,7.458482897536215e-05,0.00015022307854925852,0.0001153213956652673,8.942484480838033e-05,8.721431180064483e-05,0.00013311915681006172,0.00015692893704899954,0.00012417153728002235,4.5835970810758406e-05,0.00020983015556316905,0.0001805548124358076,0.00027375971964064655,0.00024533542893781713,4.3758320939600766e-05,0.0003714583001806147,5.358126515934328e-05,0.0003289874886060224,0.0001910329134676
B:GTT,0.00011289348218619229,0.0,9.593646875275224e-05,9.052264976080348e-05,0.00020463393232119737,0.00010112790790378793,6.428947850601563e-05,0.00014355469371479085,0.00011687775755713639,7.854559140269171e-05,7.631071639822783e-05,0.00012178859470102495,0.00013063469749062198,0.00011002788220884936,4.9027525436078283e-05,0.00017828229770569068,0.0001753484803476504,0.00020608081761958334,0.00017941939868173465,4.150632887532219e-05,0.0002364306320475401,4.315363405969698e-05,0.00028131031432830964,0.00010598509187644145
B:TCA,0.00015214601274877334,0.0,0.000130324013091737,0.00011724508130851009,0.00026539172266586163,0.00012798705125378025,8.978272728725463e-05,0.00018762809233978863,0.000151858246207452,0.000102309077784085,0.00010496065395328639,0.0001687850159026233,0.00018401526096344312,0.00014726658784186347,6.246703080352118e-05,0.00023956566979484024,0.00023098073697326934,0.00028078884996177427,0.0002550522781501296,5.45579292920527e-05,0.00035282908810211597,5.8003697991782564e-05,0.00037777791526920487,0.00016633716703148154
B:TCC,0.00012636430981762824,0.0,0.00011547402460660366,9.957326316509473e-05,0.00021243037520573017,9.544485173597782e-05,8.141534507059473e-05,0.00016182688780467107,0.00012142133017694774,8.90872365646319e-05,9.345732467518971e-05,0.00014126580107051692,0.00017357751384145204,0.00013575657888739167,4.554741929668839e-05,0.00021723834368309215,0.00018277069012304583,0.00028012468016765194,0.0002655978821160261,4.454216348131099e-05,0.00039667256341506627,6.101405577947807e-05,0.00031958906942869153,0.00020163929380948673
B:TCG,1.9321857901417448e-05,0.0,1.8898889862740715e-05,1.7812201745489243e-05,3.3409724521364593e-05,1.469919060610267e-05,1.3407642077254914e-05,2.633397277035601e-05,2.0621795067265366e-05,1.5888257348649743e-05,1.514508678824785e-05,2.2668598203633554e-05,2.899620955804195e-05,2.368780851973113e-05,7.94828261483773e-06,3.90868336617381e-05,2.9894739240661268e-05,5.715181078422458e-05,5.676369515128383e-05,1.0513443615002174e-05,8.473561940833625e-05,1.2631088861773944e-05,5.4292462491369354e-05,3.380660747191356e-05
B:TCT,0.000172903391767908,0.0,0.0001499017366179853,0.0001338598935068988,0.0003028963447436561,0.00014176097092044297,0.00010212172410444898,0.0002156130611797846,0.00017208467514896034,0.0001153724498279011,0.00011889182157148384,0.0001876568294417511,0.0002148769402198835,0.0001700314947309557,6.957589083197341e-05,0.000269095660522554,0.0002591400321845449,0.00032403737305570525,0.0002842148367255246,5.954714927976379e-05,0.00040637954296878946,6.701925404668509e-05,0.00042804554221310677,0.00019366975013886684
B:TTA,0.00015626031880937365,0.0,0.00013133222166889915,0.00012551119811297684,0.0002929818513989009,0.00015024086879156015,8.356916103288178e-05,0.00019607627435571214,0.00017194033513479503,0.00010480324480932837,9.947634056002297e-05,0.00017262664448048937,0.00017337764208805225,0.00015152844252643976,7.599397602371258e-05,0.00023549256762550044,0.00025529656292172455,0.0002394332107810919,0.0002023242583206467,5.8589119506562406e-05,0.000250794914620888,5.013642274249584e-05,0.0003914794830903706,9.63429279292717e-05
B:TTC,0.00015720237954287562,0.0,0.0001296411626609897,0.00011978850186373065,0.00027307722005009706,0.00013075234962960642,8.995349018963546e-05,0.00019430233177024792,0.00015556715700622067,0.00010220572832171303,0.00010396350606360214,0.00016866543213366248,0.00018136510956651207,0.00014851963314525127,6.560612151719196e-05,0.00023311970535253642,0.0002326279380859066,0.0002693651295028706,0.00023802076741705287,5.306489587927132e-05,0.00032140508750816475,6.101405577947808e-05,0.00037379589712117857,0.0001484106132439884
B:TTG,0.00014525679309901422,0.0,0.0001222904786123573,0.00011171644474448366,0.0002564000941644891,0.00012748761523533254,8.158059949225358e-05,0.0001798414796709195,0.0001453692212228043,9.679710645758034e-05,9.694011657973908e-05,0.0001555859574035739,0.00017110502622532078,0.00013797754541315676,5.9284220163476145e-05,0.00022377772789992212,0.00022285258386388652,0.0002648266359097015,0.00022945696829668354,5.2193959721815535e-05,0.00031103277895163804,5.46829940404071e-05,0.0003581675463251614,0.00014388469955450053
B:TTT,0.0002846561473516285,0.0,0.00024054812291606599,0.00023493195807060562,0.0005350245892294542,0.00027219788727524027,0.00015036499826739003,0.00036288542334926116,0.0003137638125313653,0.0001897909526998724,0.00018872107668676397,0.00031098506516814655,0.00031875843338506166,0.00028207775530274704,0.00013380920666101407,0.0004430713066225895,0.0004626085886693604,0.0004884747445838199,0.0004106299639932483,0.00010882969384665562,0.0005499882492662274,9.566420495434444e-05,0.0007614646316612875,0.00019892374559579403
N:ACA,0.028760133681622373,0.01609759937610322,0.019920871934767763,0.0239058946946514,0.021458352478786476,0.026387891294648823,0.02612037278599218,0.024114776450536307,0.021811778073613446,0.024714859522312168,0.021534246860015618,0.021729977727074593,0.022078159597476645,0.02137512958232947,0.024302070834535054,0.019899944058370617,0.0170968984389426,0.01924191770393846,0.017809687424815278,0.026780627418675245,0.018028829422199636,0.02290677447968255,0.0235759452106844,0.015698564545471933
N:ACC,0.015377943070629016,0.008312711661010724,0.011438793091266391,0.012981895152120268,0.01135536272902612,0.013181935525386055,0.013422437856474099,0.012886475127430993,0.011981024459275166,0.013343056358887098,0.011843891410970551,0.01226180576184794,0.012197070114019135,0.011769997096761563,0.012001574476964531,0.01081836488527052,0.009826780232947379,0.011616130448260924,0.011493050813320096,0.013081834343339333,0.011604156675358477,0.013384112793326972,0.01192124176110276,0.010031608981207384
N:ACG,0.003193976809733115,0.0015008366182536815,0.0024523408357788813,0.0026734735757535455,0.0023102231956692483,0.002643230955696319,0.0028603502251280262,0.0026585427668196554,0.0027277187607370537,0.002831740819170989,0.0025823673601644776,0.0027937832763324844,0.0025480095282862285,0.0025234756724518267,0.0027007022679309584,0.0024222626497334477,0.0022413504758729695,0.0029452166740490983,0.0031527031920185965,0.0032984840671872497,0.0034298392483242575,0.003293579696669832,0.0033300590154357367,0.002982085174232329
N:ACT,0.02238333098512412,0.012352838233213925,0.015993015837928455,0.018698009887786887,0.017153127468679214,0.020668707502430612,0.020447293151577485,0.018971865147648023,0.017212458830070342,0.01932849224241022,0.016828879385619902,0.017031195115254163,0.017492494556566825,0.016900047104749162,0.018862079091655222,0.015611144971627387,0.01338134218633337,0.015042338887213397,0.014807253083841477,0.020844251917785866,0.014213645263225994,0.017752297116355,0.018048026264535354,0.012039284615978587
N:ATA,0.0316763051121951,0.016359344555402337,0.019882535908232163,0.02528395380869156,0.023713087795375183,0.031190205186979514,0.0284737114285094,0.0263159289055098,0.022334401886641972,0.025976377509845137,0.022203911150741395,0.0208362460077893,0.02233867392138949,0.021971158963885802,0.028282962498586098,0.020898480002348202,0.01604518013806075,0.01689758651212838,0.014961377446131211,0.0279510785206801,0.013129943735685191,0.019563135946811135,0.025017607049867694,0.012133325231291903
N:ATC,0.01936587200425888,0.010171261448730472,0.013295306758545879,0.015824576386597015,0.014223641791191096,0.017520809593146013,0.017090155084058617,0.016015381990814266,0.014494574017254895,0.01650639737306061,0.014260782801412861,0.014247322343774307,0.014978374394468166,0.014204258944918299,0.016003810209071483,0.01326311367473241,0.01126613005756801,0.012977113981886652,0.012252742670772218,0.017363406261172477,0.011483902723031247,0.015031507816681066,0.015444257387120009,0.010532568592976868
N:ATG,0.02655489767602269,0.015132397645429207,0.018022748575652333,0.021991958340059528,0.01959790738430002,0.02448139681003906,0.023672706919592085,0.022080989331175582,0.01961399426140503,0.022692289873800384,0.019579179456684026,0.019674624224075107,0.02009335165698347,0.01917088783489521,0.022271664989803465,0.01799678706974659,0.015172398862807647,0.0172698647512305,0.01572828787759643,0.02373361994598081,0.014032778132771553,0.02055047123194253,0.02103576017143915,0.013404398574156155
N:ATT,0.03649590705052031,0.020128237488972724,0.024334037866273642,0.030241233241206866,0.028204469269026845,0.03629598691856152,0.03380581059775395,0.03137035969917658,0.027312174371673638,0.031089206322705135,0.026490541542853838,0.026129075939893668,0.027013918521110104,0.026379387347734453,0.032819971626117536,0.02480877953062131,0.0197495883688541,0.021736506242172136,0.01946242858941581,0.03330327981492855,0.017378103538021744,0.024828531029037898,0.029522061697175098,0.015210513626660293
N:CCA,0.024369207828499065,0.013955182144781484,0.01837843331472686,0.020828991677973363,0.017997599230147158,0.020749621394640382,0.02133898948540649,0.02035237302787861,0.0192510732605712,0.021371959152213613,0.01893576616801059,0.020072696168988963,0.019679061928130823,0.01868451867554852,0.01900316329406491,0.01739113732951615,0.01591167840978891,0.019003657859793646,0.018949861790731715,0.021464445555510143,0.01876343793988483,0.02245314149223156,0.019478255858067853,0.016949527089246377
N:CCC,0.015642694179625154,0.00800742091880264,0.013026046783400512,0.014230338912151527,0.011711094346797752,0.012931250187452793,0.013868387930281957,0.01348756064329575,0.013061170990496258,0.01437491806110125,0.013189910999276081,0.014060898721949964,0.013547492511878787,0.01263648917895212,0.012072575637396304,0.012004665234068197,0.011350500090748037,0.013961159018354832,0.014304150904662083,0.013990170987785306,0.01492834508998114,0.016682921822854815,0.013169133459115153,0.013836583975731027
N:CCG,0.0027944341129291783,0.0013134788632336444,0.0025574837350450037,0.002608021785751344,0.0020876110493225925,0.002338112348973505,0.0025220028137429695,0.0025562161380779298,0.002754509522496687,0.0026542071127084316,0.0026776094350480155,0.0028156521580811923,0.0025874138743361276,0.0024418551526299596,0.0023141656548709842,0.002328571957861179,0.002358850821907763,0.0032233599143309524,0.0036714796458853453,0.002846480643412796,0.0041734552971243325,0.003457225228778269,0.0031204892538710624,0.0034884758824291987
N:CCT,0.022370667638121403,0.012104251083156561,0.017848195938484367,0.019877360142020968,0.01708351421021991,0.019502713659320128,0.020252006493022497,0.019408372115592043,0.018290421434120588,0.020317670616664747,0.0181787502770066,0.01905289326127674,0.018881803114449043,0.01799841259418877,0.017885795647747785,0.016513682755301906,0.015340040795092604,0.01814593791816753,0.01823758911831076,0.020444566873184293,0.018583167899561118,0.021379871354377192,0.01797301018071447,0.016246967539438616
N:CTA,0.018514479809924187,0.009635713931862902,0.012752757990713732,0.015269900130155833,0.01407198433526189,0.017300595109559308,0.016706836436059466,0.015666524179460954,0.013651603231918512,0.015788842055812068,0.013622767117620536,0.013328231391483761,0.014124633303807092,0.013585367114024097,0.015585078242229516,0.012675830262173816,0.010565697003493114,0.011270983545248699,0.010915769078225694,0.01692863493137054,0.009943683141259105,0.0134543906820923,0.014391206265264536,0.008757347820874882
N:CTC,0.021571639921701295,0.01152447651182567,0.01718642148544374,0.018970766968757453,0.016500858700521884,0.01882482652287045,0.01962310324899613,0.01864045403234977,0.017965725434429394,0.019516657163568766,0.01742392377593431,0.018443307525013452,0.018173257748646646,0.017507586495259974,0.01741668958173741,0.015966766027316056,0.014931936914668186,0.017785360136938527,0.01830542689872008,0.020133107661332993,0.018883043622927274,0.020924267668786842,0.018090265629084043,0.01593648986033975
N:CTG,0.02556950214877965,0.014265907345281978,0.020215831186712663,0.02278041045431895,0.0195421925712416,0.022448040319522345,0.023425789271230152,0.022066961719179636,0.02111460325388957,0.0233733490509033,0.020781075046383452,0.02195241101132726,0.021683346260594184,0.0203698195890133,0.02088138881907303,0.019096748862927206,0.017619247482250647,0.02089417290077652,0.020951244465945092,0.024085503037483164,0.021533441414608192,0.024781792896787693,0.021444088301209613,0.019227163636652722
N:CTT,0.028205067652297175,0.015024477341847435,0.020039149662907672,0.023749020148263335,0.021595133151721263,0.026051087415471443,0.025767841036748073,0.024004838847005466,0.021441715379904833,0.02451652501405622,0.02127185967655109,0.02148483847469049,0.022092017372379036,0.02136470004357672,0.023670553986029626,0.019710320600037454,0.016853034236124064,0.01864818311648282,0.018042219193357148,0.02634497271077075,0.016607720791647344,0.02259501624095785,0.022774232223548442,0.014793932788371343
N:GCA,0.01919603832059538,0.01055890782416085,0.01428680960075816,0.01652393446069321,0.014319271769470137,0.01682601523316657,0.017250033228532836,0.016195170779121262,0.01539902109732011,0.017026534547286226,0.014954328061525642,0.015721027868533972,0.015574517808284526,0.014633400699900085,0.015677851925995665,0.01374377709862432,0.01256026145552632,0.014585987821671961,0.014623521758253414,0.017818992965137607,0.014135068202023092,0.0175638859603849,0.015801290272359977,0.012898519490985047
N:GCC,0.013675735453837276,0.0072127318698564325,0.01170496417240444,0.012622091980004963,0.010547987108475786,0.011622012837030267,0.012452961774850998,0.01205481220303184,0.012035528503754531,0.012719790201142583,0.011787610360878154,0.012627836730665856,0.011942440902845288,0.011389596553101969,0.010868668768813997,0.010541515383462298,0.010269092950764601,0.01279288435049369,0.012993156971999657,0.012289581046737112,0.014115074212502944,0.014496750342044146,0.011630618662396005,0.012136080135276808
N:GCG,0.0023276910838021018,0.0010229362972274739,0.0022183239763945515,0.0022611793232510356,0.001794235845695364,0.0019986851163939588,0.0022267427385650974,0.002220455057957895,0.0023933331531384226,0.0022619683431501997,0.002323058328881152,0.0024585899719353336,0.0021154648459563974,0.0021744087646422185,0.0020165553720562232,0.002001584063064775,0.002076002859423474,0.0027867457611715158,0.0031005637081735426,0.0026648406868028346,0.003850873089072746,0.0029721076230219564,0.0026840515013674907,0.0029775592605428398
N:GCT,0.017683582242975473,0.009366245181614443,0.013853838243224751,0.015889016588878393,0.013577419552799968,0.015791483464554015,0.016191385860982614,0.01537179210805027,0.014409369479327853,0.016218410651179054,0.014309447953855057,0.015012262343888806,0.014766776831535548,0.014006397839227669,0.014653555258944028,0.013199522834212466,0.01213666604082829,0.013977763263207892,0.014065649699706723,0.01674547705745759,0.013673244575487343,0.01690281759713024,0.014744685306350891,0.012644517343576748
N:GTA,0.016131662151771177,0.008642186616327156,0.010889403768825051,0.013163142769186042,0.012218508635385022,0.015214924010415501,0.014494327611679918,0.013562774638000232,0.01178863177169843,0.0135956217750317,0.011741445303869513,0.011485161500346397,0.011882353531647271,0.011728931725830775,0.013834147654852658,0.010908477599778438,0.009002826704961739,0.009784029140671106,0.008981635647437206,0.014332411571830118,0.008435211694723308,0.011212387926435606,0.012507454776851449,0.00727686241938659
N:GTC,0.012397878133165027,0.0069668532118740654,0.009399833839192951,0.01083050819247941,0.009397996654075343,0.01106723930773857,0.01125563289664467,0.01062497349697577,0.009856333175109483,0.011122283111438366,0.009729663307884795,0.010200353486631454,0.009977020522431896,0.009626044085930426,0.0102053675338345,0.00901537257889342,0.007952020247552954,0.009453327930681042,0.009055262700183158,0.011416803481405542,0.009315322547406227,0.011177598121487088,0.010328948310685534,0.008287223455850735
N:GTG,0.019656898276570384,0.011307622404401807,0.014925744715273906,0.01699059019863408,0.014746699395320296,0.0171681919924582,0.01786618433968787,0.01674924388917322,0.01613369921811579,0.017544473822945394,0.015600718342449442,0.01651332265579826,0.016141272671693574,0.015513000986551832,0.016127966055989065,0.014326165314997748,0.013200248111628543,0.01581101579844085,0.01557457188721426,0.018249571359438648,0.016451351416270497,0.01839060158850374,0.01683976206970574,0.01423313272647259
N:GTT,0.02152871527685098,0.011347288707693682,0.014589557364380822,0.017274714222443158,0.015913508178970363,0.01943118916425717,0.019234077814969018,0.017694339610910225,0.015954039830049546,0.017955542864547796,0.0157173846455425,0.015617692544180706,0.01631463550846656,0.015700222462061594,0.017698639386924918,0.014501430153986243,0.012390962517360202,0.013796909828268386,0.013650275415022662,0.020006349124587854,0.013073288412138766,0.01655530748034962,0.017198871598818607,0.01095391147958258
N:TCA,0.027668541634550355,0.014914250451466311,0.01963332763514733,0.02318196536126281,0.02087360413351466,0.025336489103055235,0.02507671950296714,0.02326407437997238,0.02128216318337709,0.02396027064771368,0.02091150632577976,0.021101251113792012,0.02168317599947091,0.020751743295526703,0.02319841375712888,0.01926245685898167,0.016718473592851245,0.01918235274290225,0.018225217851699282,0.02548340533798015,0.01767700685746073,0.022517522803886966,0.022483309403045593,0.01557292124587463
N:TCC,0.020480522109284235,0.01184753845687421,0.01564007053411139,0.017710246090018367,0.015265218319891876,0.017786430696641486,0.018237422889463756,0.01737566809648976,0.01627929436283903,0.01828084563230978,0.016160392885517443,0.0170514122461941,0.017008479196407765,0.015965042707197924,0.01633280265503768,0.014873278224510102,0.013514461528632634,0.015963918754544372,0.016372266353946667,0.01938389105285419,0.01580018197942407,0.019409142180393146,0.017020023321352953,0.014516966548460295
N:TCG,0.0027678705636749908,0.0014071752148860821,0.002164716200813651,0.0022694206664786655,0.001928873253283499,0.002233761764445418,0.002353156862653398,0.0022714544436409924,0.0023784033751515013,0.00237096757613183,0.0021869404162299056,0.002496109379446788,0.0022400959881874907,0.002191216078891252,0.0021896163286160347,0.0020100759205692017,0.0019904954730942492,0.002793520293071563,0.0029141058995555726,0.00252148459528561,0.00302518273687555,0.002784953369014763,0.002640656067033893,0.002548325541808935
N:TCT,0.031423147117939816,0.01662720568454822,0.02249937942954531,0.02630580191925772,0.023896072226206537,0.0286617025705525,0.028632801860240385,0.02662683137104937,0.02426159210186002,0.027330820443978818,0.023782786448416235,0.024112437682095245,0.024932306028053613,0.023922660723300217,0.026152263142751996,0.02212528716538041,0.019111768566596472,0.02143271497834059,0.021104407953158207,0.029457698537517778,0.020498684218068507,0.02572051245537862,0.025933621084811783,0.017784479453414454
N:TTA,0.02901148445732768,0.015546220286203736,0.019850510223030117,0.024745070707483687,0.023109171093438352,0.029970035678920575,0.02765448466705853,0.025782405427388466,0.021941000040208106,0.025299879489014902,0.02147711317622045,0.02087610477278105,0.021587763146523865,0.021560025045599406,0.027041141709852043,0.02011656583154184,0.01551279101178044,0.016985489384380464,0.014797776453398323,0.026242388873367557,0.013151456040109172,0.018960428179636488,0.02326132295959089,0.01103644053181611
N:TTC,0.029004787494970468,0.01613370095434155,0.02005606828652124,0.023841557715606844,0.02184132121688111,0.026605534997045835,0.026331193360183094,0.02425717193424476,0.021884650953808545,0.024797532202245582,0.02162718393361793,0.021870227066108944,0.022735597015668955,0.021492705749419794,0.02424723730287647,0.020025892598386764,0.017185062917542807,0.01915664937186972,0.019002421657422792,0.027933224329452257,0.017318684540155983,0.02329916065173129,0.02421413854935464,0.015666607659247028
N:TTG,0.02821261054674161,0.014819785237547423,0.01905517022573533,0.022677748751908235,0.02076204843296566,0.02520226698740273,0.02482151159111865,0.02302918213419215,0.0208817702597354,0.023463476672055814,0.020374845666977302,0.020484632357116717,0.02109653019526982,0.020390948784069225,0.022900488690844233,0.01887751133606925,0.0162954076356537,0.01803882946936874,0.01735387231034401,0.02547862763105925,0.01658747090635689,0.021717977982398315,0.02201931865400165,0.014254857112182134
N:TTT,0.05584490527306961,0.029287117022496992,0.03728018311574224,0.04573319132733723,0.0425176844227762,0.05333733793399774,0.05090030085614074,0.04740848679541833,0.042281978472088526,0.04704012100540893,0.04099200549685723,0.04001435842313912,0.041172944571817034,0.040898588349924596,0.048709165676206305,0.037932398798031286,0.031536528121071314,0.03414866632768178,0.03239478619094238,0.05148267860396648,0.031022534249772298,0.040256195723656414,0.04548826318348264,0.025713722814312306
T:ACA,0.0059652951875211946,0.0004207074528877462,0.007889031277931845,0.007864248098882939,0.00902597117669186,0.007583015926410049,0.0075485851167053425,0.00837355933541413,0.008830119603963887,0.008263258034201176,0.0074151168646126855,0.009163988226918152,0.008767196799102728,0.009188416137905935,0.005340249102849623,0.006040690776454532,0.008017094496270652,0.006362558446250039,0.009951915288868894,0.0069663570426417186,0.009365631655848985,0.006447394998526399,0.006416230123654722,0.006807997439041256
T:ACC,0.003415969896865818,0.00021143712327387147,0.004896507550224994,0.0044089575985327,0.005248826576090895,0.004016312000940201,0.0042163453820497415,0.00468350115542501,0.0051338040403443395,0.004677327958352869,0.0044202554350394755,0.005450284385897958,0.0053937317345902685,0.005441195413022828,0.002845528896038282,0.0037482255614477073,0.004978675167714733,0.004604357097752898,0.0073409294431713325,0.003919299802166852,0.007804411561193481,0.0045193694566647135,0.0038522600190199164,0.005165956596723852
T:ACG,0.0007431705643575038,5.6389057587172164e-05,0.0010624831361048402,0.0009780442977896406,0.0011082245165157732,0.0008669998991402104,0.0009184455162148492,0.0010253388143982944,0.0012483591285987502,0.001138855955625765,0.001035899368904378,0.0012850621292239848,0.0011762156581278643,0.0012262586463033446,0.0006810515250874382,0.0008490549627583004,0.0011282445192397942,0.001264413245560343,0.001929100847574693,0.0008983208786352331,0.002193299707036874,0.001111597889068843,0.0010125886793835915,0.0013696398718670544
T:ACT,0.004786085083657077,0.00033440266347868413,0.0065615820908608655,0.00641924665130091,0.007396615473370233,0.006127070559873822,0.006118396232939526,0.006832454032537115,0.007064251319360296,0.006597244030872661,0.005998950089980674,0.007339259496345154,0.007173308397629485,0.007544255628024844,0.004299950942745014,0.005041809179311204,0.006584902152675169,0.005151444826668012,0.008326078626413705,0.005609612696557071,0.0075238986177807035,0.005255805385769048,0.004972513049298263,0.005507466301424118
T:ATA,0.006157174374063928,0.0004482117530557688,0.007591850753703394,0.008274762782782687,0.009129493414423871,0.00856924434620684,0.00795356311090325,0.008840235036503028,0.00882351761722902,0.008323965508398465,0.00710154275614437,0.008707985419928345,0.008429258080048815,0.009340289730635701,0.005766667032748184,0.005893975020561225,0.007474380948730777,0.004652011280481173,0.007722216684512319,0.0070176178564805465,0.00594210450319235,0.005003478437389066,0.00570439085794572,0.004655099008494313
T:ATC,0.003974490148880522,0.00025204703025639026,0.005242025851415876,0.005145302622845881,0.00594071297380896,0.004991326767817531,0.004972555124041374,0.005500750064492766,0.005731271288543953,0.005350036498896131,0.00481653501267682,0.005972252589440775,0.005807073923278649,0.006144078795570454,0.0034531134568464394,0.003998543847290506,0.00524860044527964,0.0041561753206791644,0.006653339249281034,0.0045177573617900535,0.00623251208305708,0.004185188707614143,0.004123979235873411,0.00438378032175232
T:ATG,0.005478031896702463,0.0003615050583710622,0.007056580368109564,0.007103112982015305,0.008171766469061467,0.00695721733807384,0.006898138204575378,0.007599839347544151,0.007898517774277233,0.007461645154223442,0.00662679197501448,0.008222086670698334,0.00792303474728978,0.008309746256150117,0.004826627407804993,0.005387088665959828,0.007083396194155556,0.005466360934551103,0.008534828736809242,0.0062741867524762724,0.007779777328371731,0.005630920793809003,0.005731879628386933,0.005777761738114578
T:ATT,0.007308552030543021,0.0005298159981540315,0.009293855452340974,0.009999726293265253,0.011095604011988993,0.010127358550453724,0.009548301330795511,0.010656395113662856,0.010728429265043303,0.010100108698830546,0.008731771170137948,0.010805596837284354,0.01023206428242761,0.011376488348640782,0.006926670351265474,0.00725100934928288,0.009205785413483119,0.006260077047016967,0.010070030857662322,0.00856925283071359,0.008127812635710057,0.006491448636460766,0.007234663305272451,0.0062027647114430914
T:CCA,0.005339792494781577,0.0003072303720166288,0.007745307329328503,0.006863849776927772,0.008250285625408282,0.00622205277614008,0.006623512898181975,0.007273445621010725,0.008063592545259993,0.007315467674644537,0.006993438918625774,0.008657655601166965,0.0085639938498129,0.008541964813602495,0.00438907838465155,0.005898197594369806,0.007913889502749105,0.007420138148424127,0.011781673664459614,0.006137686172712737,0.012551380458734454,0.007280798586472534,0.0060791715552540445,0.008372940325552513
T:CCC,0.0037785607420413735,0.0001848414785116539,0.005897003934286942,0.004769173663595282,0.005799731500794732,0.004085428688672115,0.004620017866316543,0.005017786877355154,0.0059475114567219085,0.00526887272111335,0.005262440762099321,0.006327595758907821,0.00664056134292854,0.006180807279163764,0.0029638787367333636,0.00436741182700698,0.005915736505434798,0.006258959027863529,0.010110844026541723,0.004325541751839557,0.012032799150344158,0.0061156659841689,0.004635047715602894,0.007451188807974299
T:CCG,0.0007953491935559586,4.6166684271865154e-05,0.0013105707311298039,0.0010427776540635814,0.0011953570780674921,0.0008655278771911015,0.0009748854096920693,0.0010809984584907299,0.0014274348809555422,0.0012136327366339588,0.0012289630969078106,0.0014278899932765523,0.0014349829548628435,0.0014068472352969747,0.0007002882926921058,0.0010440594001041707,0.0013409099486035012,0.0017519581524323919,0.0027824059593664426,0.0009603813008265123,0.003641004437983285,0.00150950822283109,0.0011317709107280128,0.00198589221540484
T:CCT,0.0051262843628268094,0.00029536542931390486,0.00771039358848112,0.006690950855255923,0.007994142723085391,0.005976004307346512,0.006430225818129059,0.007079705330455674,0.007842595432267372,0.00715573763556659,0.006837659850845318,0.008410012563620247,0.00852990461187193,0.008339091526698319,0.004250582401883216,0.005773005754527324,0.007743678721109919,0.007250619877970977,0.011785901514796738,0.005982398255838367,0.012411149576605095,0.0071794550467228465,0.005892016702296809,0.008379138859518551
T:CTA,0.003920344086721626,0.00026095884289024766,0.005167313980757644,0.00513173496059839,0.005886652257300427,0.005005137488032921,0.0049377084749942434,0.00547175810514221,0.005551379701324488,0.005202060738671956,0.004672873459468831,0.005737434911115105,0.0056993208402235426,0.006023553845221248,0.0034527636974354447,0.00395103054996651,0.005123148431968961,0.003713373318937822,0.006146657810441232,0.004405854507502089,0.005150380049574175,0.00387110287266185,0.003800814913591384,0.0039545466030184145
T:CTC,0.004827144832769641,0.0002636498608228242,0.007220223465454528,0.006280225595953061,0.007491731067966077,0.005654120422067596,0.006032959696941898,0.006684701593496326,0.007402615690827655,0.0067178666333890585,0.006393640011562002,0.007894023548525472,0.007938424872301566,0.00791592237088717,0.004022206994474711,0.005417235227199412,0.007219192238262856,0.006823326240922391,0.01113637398487902,0.005636773462724587,0.011949888920764025,0.006663582136145853,0.005533378164577794,0.007728587961368688
T:CTG,0.005717430677387488,0.00035926836814138824,0.008730636400293383,0.00767300021463414,0.009150810079412822,0.006897858052976019,0.0073710577999979605,0.008107912896889868,0.009043096432691149,0.008253302035992676,0.007867308981165805,0.009705725122267304,0.009634173841433388,0.00946722997280764,0.0049350878011542205,0.006566952392292652,0.008868805323957936,0.008410116435053133,0.013326964973617192,0.006889341402432414,0.01391898981357413,0.008216026750722062,0.006814774477652882,0.009620833119172344
T:CTT,0.005906650304716593,0.00039896961971810186,0.00796306029815933,0.007840073216819924,0.009060525657057202,0.007515055827352434,0.0075393859538996685,0.008356563443250427,0.008619621658088591,0.008110976046378168,0.007336313278490248,0.008998708510243194,0.008861602890625247,0.009178436795070572,0.005226708454055708,0.006083467691210053,0.007988160624345698,0.006127896188490059,0.009929058472983813,0.006868588237994751,0.008509779722191363,0.006348642849243439,0.006229118088096927,0.006582862749817647
T:GCA,0.004123290884738901,0.0002566602038550929,0.005938095463148968,0.005463015487915865,0.006423295642238765,0.005050254960773113,0.0052768931754490385,0.0057782344961121055,0.006392536823004622,0.005925741234057071,0.0054730268352656845,0.006816065559170492,0.006636164164353742,0.006653482979356664,0.0035943113310647006,0.004533026403286926,0.0060459242219443095,0.005589376249919122,0.008713695632321921,0.00493044423902793,0.008696123022130412,0.005477082200472853,0.004835668640684368,0.006259948647015491
T:GCC,0.0033634708388464445,0.0001858375046295556,0.005392751025317997,0.0044348996624100565,0.005362152361667364,0.0038061072666074366,0.004241926766522532,0.004604300180850226,0.005436786281382838,0.004821279979508696,0.004815335544925462,0.00584178669750453,0.005915744935867891,0.00569166191165987,0.0027740380724311166,0.004104453845670794,0.005495661002638179,0.0058524428358744,0.009327454587512485,0.003965235463500092,0.0106522926486809,0.005534884173458242,0.0041372954470996065,0.00686325294182422
T:GCG,0.0006980413692192677,3.718497506833044e-05,0.0011343672026263294,0.0009170641384064393,0.0010391004268532305,0.0007697886210653018,0.0008440479755840338,0.0009508566441927656,0.0012406714539312516,0.0010638586957645104,0.0010581256508512531,0.0012329833978415518,0.0012321353331346166,0.0012301453377234338,0.0006154454035702462,0.0009206238520227781,0.001161884680058,0.0015119493278297274,0.0024036290041631234,0.0008422077062048665,0.003156593744788256,0.0013060918298470677,0.0009704991757329477,0.0017040852156346
T:GCT,0.004005917807636261,0.00023733380233931586,0.005986011479551229,0.005318511214228188,0.006325315636544336,0.004837579332454343,0.005131243436679648,0.005635973668111465,0.006224889034378045,0.00569856533583518,0.005400372327796299,0.006665898241297952,0.006621447681177489,0.006576536993810308,0.0034528161613470946,0.004537510552464181,0.006064955277656387,0.0056808435000663335,0.009047491623001,0.004748903817978822,0.009032557721214729,0.005533472098413499,0.004669216000356927,0.006420815361848373
T:GTA,0.0035088493948974083,0.0002649604215042738,0.004537770068048294,0.004631655538575517,0.00524144870032112,0.00450163238034019,0.004390804474994993,0.004916514075891922,0.004990104142763621,0.00471019997735131,0.004196937662006274,0.0051028412191678856,0.004964555261438102,0.005333681124686044,0.0031420374367084115,0.003518151340744722,0.0045703555823827105,0.0033025289537903313,0.005392394897172013,0.0039671639649916015,0.004596843378959664,0.0034079732926022618,0.003381846660059799,0.0034354636586053713
T:GTC,0.002725497056396658,0.00017496858804473344,0.003916725634818129,0.0035788487148225995,0.004210689357899337,0.0032975762554027475,0.003452374190720866,0.0038051478279926016,0.004173867638311764,0.0038395427665449465,0.0035765454833077185,0.00441121354341192,0.004361801274444482,0.004349913006016741,0.0023518085114792087,0.0029564836303611953,0.003952174731485874,0.0036057224648071646,0.005678555505927694,0.0032080684520982305,0.006004645429455882,0.0035520204644743096,0.003157847434883459,0.004025190212345637
T:GTG,0.004320316158145594,0.0002703599315118462,0.006247049132156952,0.005685721685817626,0.006698369881294216,0.00520258294639966,0.005434314537521263,0.006026557185097132,0.006761018052210205,0.006166138973498414,0.005756527541437871,0.00713354551779032,0.006892407154869858,0.006993793576573137,0.0037533644232142036,0.004768257395543754,0.0063732172001642225,0.0060301857422781005,0.009406138245349143,0.0051517491166374494,0.010073661132858082,0.005847728623755817,0.005167160947157699,0.0067665951677252445
T:GTT,0.0043561593260535965,0.0003126648303090399,0.005708525165098974,0.005774559732353543,0.006629513069427844,0.005591832864735299,0.005524510400862663,0.006166997233744376,0.006351776458134905,0.005961052300367491,0.005340435068775061,0.0065912032296108055,0.006292192279410171,0.0067232483400207314,0.003919841158862053,0.0044371496886907455,0.005813492379228955,0.004444790304715013,0.007072016542040969,0.005066695979889338,0.006213371079437963,0.004527236731913999,0.0045470793684510655,0.004624106338664125
T:TCA,0.005740738669821139,0.0003821769688531275,0.007782639164054182,0.007579802018574989,0.008773368444423911,0.007281582631781253,0.007289774658464693,0.008091789339528917,0.00847848222684611,0.007912152350666985,0.007165410801049581,0.00885345160088361,0.008589814319289145,0.0089922432669055,0.005081077379303099,0.005918002586569349,0.007768553418864446,0.006322520077161032,0.010013471348464819,0.006681772432220482,0.009478208735066947,0.006374836065458027,0.006166005241320682,0.006770432355418505
T:TCC,0.004482087852674775,0.0002515053318413911,0.0064772982638704535,0.005753877924624486,0.006828957778121494,0.0052412340370062635,0.005570528248813931,0.006146336364489911,0.006763189428075475,0.006186388578159161,0.005824637077728912,0.007203726242199195,0.007219715657705911,0.007155248839077913,0.003720434574669122,0.004862788865386757,0.00652431848794311,0.005965960523186471,0.009682041512661912,0.005196079767051949,0.01014722263696292,0.005915818572067197,0.005113275249961019,0.0067088602513558655
T:TCG,0.0006690361523496773,4.253206264864488e-05,0.000968382329980626,0.0008535901056216907,0.0009787662466006109,0.0007422250100682359,0.0007873161326285498,0.0008988444134031162,0.0010594243257091912,0.0009603369842885943,0.0008978883204046003,0.0011043262104108403,0.0010471725320069074,0.0011009616192298604,0.0005697143605827859,0.0007777569908399482,0.0010054495982000954,0.001133295058704031,0.0017877441128655394,0.0007774847077607939,0.002124651401721967,0.0009936818641786463,0.0008297369750701901,0.0012295333263489957
T:TCT,0.006453167293099671,0.00041570984815581837,0.008822965812064891,0.00849618075468895,0.00987366540064571,0.008131480790205566,0.008201240929604817,0.00907260980600685,0.009484801978648056,0.008832541322766738,0.008032849982272083,0.009920564837190959,0.009808602660891171,0.010125131279943233,0.005633303769336185,0.006666266954591394,0.0088056724194087,0.006991549380277001,0.01137919912767917,0.007459754817785536,0.010560511365730057,0.007130265179779576,0.006844489752865035,0.0075790557086451325
T:TTA,0.006100073958176156,0.00046451512793300195,0.00797211409151759,0.008625969523735707,0.00952185217622549,0.008701368830581865,0.008185822692064047,0.0091780686436041,0.009159265041483037,0.008652541009135569,0.007478045567302977,0.009160893996896294,0.008720175118451034,0.0097091952718714,0.006006138557470474,0.0062515298655825835,0.007903172890748433,0.005216367424043467,0.008483289799887075,0.007350987333664414,0.0064079201037449225,0.005467771815562455,0.006088976739726065,0.005212868676009674
T:TTC,0.005817904338474859,0.00040125873237503387,0.007672423087764332,0.007679160577407499,0.008811735415617654,0.007453567367649652,0.007391015025653629,0.008219103383962924,0.008478350438137522,0.007983959557123025,0.007134087351036673,0.008804691319089841,0.008558138347704037,0.008963670832682145,0.005177471072973034,0.005852459272761808,0.007684114752304732,0.005828222777382074,0.009394379536599018,0.006752442680425467,0.008123871840847298,0.0060138724424818775,0.006138473653480028,0.006150362502073064
T:TTG,0.005653242375980989,0.000375659113730718,0.007320718965024329,0.007309076370905021,0.00845185847051673,0.007079184871000014,0.007035200221899231,0.007782731071726711,0.00806209893989602,0.007535498680034447,0.006796278213423422,0.00842972893752766,0.00810735351721209,0.008605172320403323,0.004889549125842807,0.005667628248861834,0.007419886045254361,0.005787796975913163,0.009192884033031954,0.006400982615056731,0.00831857440261644,0.00588543568264293,0.005783239099016586,0.006046168097786814
T:TTT,0.011302191005761662,0.0008451368981108092,0.014740780617420667,0.015616321441849918,0.01750840521849508,0.015353872367968898,0.014697535465513088,0.016532126196823593,0.01682268431094898,0.01566307954003371,0.013847284358405099,0.017120770832191372,0.015948100323361407,0.01786791580426949,0.010674674711506196,0.011687701281078447,0.0150629776460396,0.010812053287006754,0.017485404097394734,0.013373349117184895,0.014902516676897948,0.01088362271794125,0.011465471952751513,0.010790407928078428
U:ACA,0.0062058859634200395,0.0013185638386776688,0.008766759188079913,0.008618335133140571,0.010020990939086033,0.0073155600526994356,0.0074744024068226856,0.008062053846487423,0.009676152907861687,0.007839359879336334,0.006524996181754539,0.009217180582149034,0.00886027781492678,0.00957340117665756,0.0061346226770991035,0.007923585015983843,0.007865130388861333,0.009326814654397312,0.009198361020968684,0.007814524440552605,0.009412221745763253,0.009907506446626893,0.005089768497667832,0.0066852467886281035
U:ACC,0.003502991956051008,0.0006591596003418991,0.0054840521446761475,0.004993452983626163,0.00558896530809346,0.003929336532632847,0.004293728519231861,0.00452200212499587,0.005588889278049092,0.004355504622490733,0.004131219835508605,0.005465583634339383,0.005568730558678119,0.005751658020916687,0.003293937948903088,0.004739885810020165,0.004826936569981549,0.006657925823192797,0.006749186538173808,0.004351993327136001,0.008001928976436026,0.0064664347356681645,0.0031899818931640377,0.005186756121809891
U:ACG,0.000734448491852088,0.00014314817469913678,0.0012199966466420373,0.0011155335203030961,0.0011401163048739785,0.0008662323448381748,0.0009376811308959397,0.001001504754116365,0.0012815134022872358,0.0010084289341123476,0.0009645021348611161,0.001263170825518596,0.0012430542529962736,0.0013063560032713936,0.0007908847241248163,0.001037632119616772,0.001065533219737246,0.001792295397928753,0.0017278455627767852,0.0010522899493283122,0.002283869750008257,0.0015585894686170742,0.0009287308025781127,0.0014026593639147092
U:ACT,0.005009827712151998,0.0010077163191802387,0.0072687500304772215,0.006997135749237957,0.008143616569849655,0.005965826327012672,0.006125254291438369,0.006605805057913107,0.00781611845314723,0.0063126609512852245,0.005307998859522939,0.007393117036290879,0.0072517617621676855,0.007875562306893619,0.004894130974126828,0.006554396774596339,0.006467735168770314,0.007477356376187763,0.007625528629927504,0.006226335031596632,0.007606007040613865,0.00795015319229745,0.0038946278357669282,0.0053596657026339315
U:ATA,0.006640028564306813,0.0014716023779861452,0.008348155806962874,0.008619491233392946,0.010546378398721478,0.00815266739183024,0.007628386476924405,0.008420372684963212,0.009779519184962396,0.008210301769681783,0.005909828190912809,0.008863010828414912,0.00835517228345528,0.009539463907752035,0.006475778006582612,0.007825830563919688,0.007430475195264172,0.006981144053502419,0.007120937094379349,0.007766411438825725,0.005757006562668806,0.008270911469768863,0.004318198959738435,0.004214747284392753
U:ATC,0.0041255595207910075,0.0008350368437924378,0.005848879045988216,0.005623903353751454,0.006605569013272758,0.0048068403598242005,0.004935918218759606,0.005301939693808962,0.006362821607044943,0.005129557645835944,0.004260567258503083,0.006002529704944539,0.005878413333927322,0.006390853687684941,0.003947673263991898,0.005258916735309959,0.0051975274060193566,0.006156466559133887,0.006096776383026234,0.005016380753878606,0.006282411758267344,0.006438674271326992,0.0031229726630386478,0.004242316002127415
U:ATG,0.005707798587030662,0.0011997396702262372,0.007868288691906087,0.00774362555326571,0.009172928577790288,0.006677512138858144,0.0067542071117912385,0.007306032302300145,0.008703947604625064,0.007118655848467531,0.00577758325847077,0.008246481759566339,0.00798181925076193,0.008626541619948525,0.005528926817110315,0.007131067700768765,0.006999800737689213,0.008170705363265179,0.007892099398058608,0.00698885207939429,0.007783735182952512,0.008820922458350653,0.004333977171432496,0.005574784348083851
U:ATT,0.007807530199054549,0.0017215175628673774,0.010290861265671629,0.010503236855679988,0.01264709110303373,0.009705382429856644,0.009286340021581897,0.010237323132581909,0.011952633406054134,0.009894450158674496,0.007360909593102459,0.01093805828336513,0.01022211511070282,0.011676889077781093,0.00777987345844414,0.009603085722414835,0.009154222135796456,0.009183708202757093,0.009322626190252474,0.009512924599262056,0.008027262657696621,0.01056103339810413,0.005406338940435923,0.005737756596676625
U:CCA,0.005452711611273442,0.000996375600750095,0.008683146161218529,0.00784445813992,0.008758663122657225,0.006078520121659461,0.0067171460534938806,0.007011598815285033,0.008759895049246083,0.006790376616189226,0.006590244337144748,0.008646354935000168,0.008877548214952033,0.009060620523490964,0.0050959334102850685,0.007469322020373021,0.007644130906249167,0.010714674925691855,0.010864842699164871,0.006786794890864546,0.012917618485200764,0.01043480009602731,0.005075810025450019,0.008473002373861407
U:CCC,0.0038270159883407482,0.0006130628126397112,0.006595527790803484,0.005636488330784428,0.00598948865012151,0.004046740797516783,0.004693699304453503,0.004861030069679235,0.006210241660766663,0.004693691623228429,0.005143491134853074,0.0063515947265411436,0.0069453805721783465,0.006639121729592088,0.003453917903491725,0.005384061865265181,0.005597150161667396,0.009011765712555395,0.009286881637402237,0.004776500052225065,0.012506547519776309,0.008346123862536697,0.00416326419986066,0.007636515134616021
U:CCG,0.0007873320644565644,0.00012590119613125982,0.0015026967249714088,0.0012427086769935957,0.0011508780184028228,0.0008882443301986014,0.0010253210591823511,0.0010694766135792002,0.0014075598885702624,0.001060482613327026,0.001220523468392222,0.0014327032399772247,0.0015459858045750823,0.001527034538708141,0.0007846590066091238,0.0011835070975393439,0.0012273805338223873,0.0023870483790687114,0.002474661694202203,0.0010784678018324122,0.0038274842156664993,0.0019370876498411408,0.0011466713657335306,0.0020702119552285596
U:CCT,0.0052386010731353475,0.0009411922589898565,0.008584108748156734,0.007644849173488858,0.00849536927854244,0.005865444944525932,0.0065278746558872745,0.006868986711524894,0.008518878603854018,0.006573639013666905,0.006451069949440338,0.008406335362724704,0.008795097415345836,0.008861056176579564,0.004891901257881742,0.007269160811473309,0.007514953080897998,0.01051815815310763,0.010781654939406556,0.006615506632583201,0.01283470825562063,0.010224944020146927,0.004890175190172945,0.008468358392858283
U:CTA,0.004118067894957922,0.0008239757116410028,0.005701367285877848,0.005534140427013638,0.0065920992209412,0.004831864732959052,0.0048761897622913745,0.005269007591356038,0.006209043011083814,0.005040959596726539,0.004089209561373647,0.0057927125083172375,0.005716450589755661,0.006205928211353837,0.003894684713226313,0.005199034659838703,0.00506343739163586,0.005458424105511341,0.005621587624822627,0.0049100021232179325,0.005194069987424941,0.005988796472456538,0.0028542934815454757,0.0037365943420411643
U:CTC,0.004908655516235023,0.0008664204035775511,0.008046524704632844,0.007167388027117769,0.007949446815397413,0.005553234346341162,0.006132668706490129,0.006490235333038313,0.008042933096275988,0.0062106205821033066,0.00599780842790408,0.007850532426551537,0.008151288289672386,0.008387690175980006,0.004612644600158889,0.006813739410658362,0.007024028320720921,0.009864150156835392,0.010073934412661086,0.006204785582672153,0.012252460079577445,0.009522320305575522,0.00456972977275543,0.00780387555169904
U:CTG,0.00585790667247839,0.0011081402156641184,0.009714848809965624,0.008787546920793247,0.009727161867503043,0.006760418517920461,0.0074884931005094624,0.007837822820007957,0.009764281899988776,0.007596371513371534,0.007416309106654699,0.009671890389636954,0.009976524544377162,0.01008101958330481,0.0057201577750712615,0.00831300534609607,0.008574525001370462,0.012045283760733052,0.01224638888432807,0.007700382036145469,0.014388422074347072,0.011724738408054835,0.0057720851664621676,0.009719124157776659
U:CTT,0.006151086226466466,0.0012417824568871406,0.008880795210014707,0.00855008392895584,0.010057194473023978,0.007276951019862806,0.007475041390586434,0.008102918926509007,0.009571067101896575,0.007717166364991883,0.006473816482460092,0.009068552905301867,0.008944327588560175,0.009572996000331914,0.005970795368989533,0.008004038125805756,0.007928694703225785,0.00903138086047514,0.009122403846161932,0.007633979375112017,0.008611114447233746,0.009753264403277957,0.004738837091848224,0.006287773177263037
U:GCA,0.004244880805124835,0.0008316643343055072,0.006658241577716761,0.006193216665173577,0.0069363681513412,0.004917546924839689,0.005289133019613237,0.005594078179195355,0.0068908299301671085,0.005461371429727367,0.005039267503253031,0.006777013984619225,0.006823177501618183,0.007045716172378187,0.0041309471953527325,0.005796659641437342,0.005891587360551312,0.008093086053325418,0.008011944541989946,0.00551193098552585,0.008990795531500291,0.007991398197450515,0.003974674964022145,0.006254025603447943
U:GCC,0.0034121247510147897,0.0005722956383754184,0.006029914745481039,0.005194474043936988,0.00548191298626108,0.003786229713073219,0.004360915458597628,0.004483320809279164,0.005760333836613492,0.004343109576970256,0.0047041246523882845,0.0058519886877939995,0.00623291920054082,0.006123789966226978,0.0031748623574301945,0.005018444893702216,0.005210783453068676,0.0082606118143962,0.008548893545743255,0.004387664383756369,0.011172392271975034,0.007552460100849779,0.0037610375495105617,0.007057021081391118
U:GCG,0.0006866917803823156,0.0001073611310243526,0.0012926639827752664,0.0010812427610318192,0.0009993163790420541,0.0007854919409295468,0.0009126671199375113,0.0009533565566811921,0.0012324754513877798,0.0009348510068676683,0.0010408923340621448,0.0012452556821311547,0.0013134313181656138,0.0013247540097618533,0.0006913344517706605,0.0010405001066947244,0.0010748379450699413,0.0020246773393955797,0.0021338393045253457,0.0009543345155047474,0.0033535481893361206,0.001654610571659651,0.0009932352148361947,0.0017698290314458124
U:GCT,0.004102930837457706,0.0007560537200570742,0.00666992233684978,0.0060513383906305755,0.006756863374837356,0.004738217850889487,0.00518681849868352,0.005452379392409911,0.006745856075070061,0.005263905056955338,0.005048588668308777,0.0066368169634837965,0.006835206820109841,0.00695693003420461,0.003957387831632255,0.005760823815929114,0.0058876262340661605,0.008138061417884066,0.008278755528890205,0.0053199890983676975,0.009371380780821928,0.007955615284778218,0.003862450560086909,0.006410051558421635
U:GTA,0.003674024043504749,0.0007730211123462417,0.005021987342025665,0.004946804338442915,0.005851361502251295,0.00436508657289659,0.004372505302036636,0.004738317737694651,0.005560617462231066,0.004524281184508307,0.0036289896817376347,0.005173081735461241,0.0049824030687509535,0.0055328778115982455,0.003560874331373678,0.004617702086917422,0.004496094265554644,0.004845340038053609,0.004941876606560608,0.004413518745687699,0.004612077707152062,0.005250420879829201,0.0026095492263399026,0.0032935664254971245
U:GTC,0.0028087188297657487,0.0005488802875335188,0.004363052743423506,0.004033542944080888,0.004554116111092533,0.003208250809198066,0.0034601686909424417,0.00367375898474842,0.004514817578728519,0.003579901357209944,0.003291650215231843,0.004395600387576975,0.004472915164019721,0.004584007379791556,0.0027173158399531718,0.0037785869881687036,0.003843086876847764,0.005201811036055619,0.005198634437971737,0.0035919895522498546,0.006134094569796219,0.005174789519740397,0.0026000651723636892,0.00402562312582898
U:GTG,0.00442468623369534,0.0008585570394888534,0.006987178663742203,0.0064668862395576236,0.007146539272722693,0.005097538408666991,0.0055060184310790385,0.005826599313598969,0.007255294741587226,0.005695375282429966,0.005320405402469228,0.0071196663266053055,0.007111333348760472,0.007391976858969428,0.004358500668145403,0.006029097382435837,0.006156571034778308,0.008725375697329854,0.008635456379208196,0.005765311197619957,0.010316693875779595,0.00848579515350086,0.004395077600435007,0.006889778731621741
U:GTT,0.004545628887863019,0.0009481644418151685,0.00636726294210639,0.006277227993155836,0.007341636934995604,0.005406074209200237,0.00549231883952352,0.005952601928530852,0.0070319317074928524,0.005716382783148108,0.00468754887514962,0.006650681206697689,0.006357032156744581,0.006998010411665975,0.004476859252825759,0.0058301132626951534,0.0057295537558641465,0.006481677298825876,0.006524666065583255,0.005674323253056038,0.0062407178074249895,0.006971585186290018,0.0034983313952394288,0.004425379371924396
U:TCA,0.0059816819174229935,0.0012312630231507051,0.008641504335244665,0.008314767980444268,0.009705542623876915,0.007043646055371526,0.007244792404889153,0.007812080161432756,0.009360117309020416,0.007555128187920961,0.006348725002270137,0.008890963534409504,0.008704118754261247,0.009374099444031302,0.005815563398405138,0.007735811269186297,0.0076755944084542435,0.009260884732834103,0.009184452354234622,0.007447474617965409,0.009546857040381855,0.00972117460995345,0.004750354972297893,0.0065806785045153275
U:TCC,0.004563438321729698,0.0008319963430114744,0.00725597269388777,0.006544093091768772,0.007334027082270662,0.005116616864571694,0.0056157032992147395,0.0059446982239421495,0.0073370351191743,0.0057258702637938514,0.0054264932670804195,0.007167709105785311,0.00741692985705128,0.007573180715716817,0.004303728344383749,0.006163659225663295,0.006348744497919326,0.008701266333803215,0.008823091259795024,0.005741136498278003,0.010405540887230896,0.00857779727372378,0.004161637138681895,0.006767933263946485
U:TCG,0.000668843895057126,0.0001188241684514319,0.0011035465475961895,0.0009742539405336466,0.0009866837209400136,0.0007430135932552586,0.0008291199928275175,0.0008807420025969934,0.0011183778080165227,0.00085585067783054,0.0008566656485883055,0.0011001333045116519,0.0010998942589592626,0.0011728654105015058,0.0006418260071444653,0.0009233517094389415,0.000953386277318524,0.001566610501885993,0.0016037005028775747,0.0008697044048902567,0.0022153067432834524,0.0013539472082865155,0.0007395635318471428,0.0012628479866807478
U:TCT,0.006684427181733354,0.0013353739636850627,0.009820774978843486,0.009345889666606245,0.01093013888425005,0.007852958465770402,0.008132500598675457,0.008772924746387245,0.010506440598909898,0.008415009494784008,0.007169558358213919,0.009947583294990542,0.009906643457262557,0.010554175492476255,0.006454871137790448,0.008745492192264847,0.008720596442894689,0.010265950743286255,0.010378423713503277,0.008287268586819616,0.010634004630962817,0.01085853123060773,0.0052877347439839574,0.007309252219094838
U:TTA,0.006554935486623554,0.0014331243163787845,0.008797443273023904,0.009004307460254234,0.01082449355308053,0.008381130455553205,0.007984234331563133,0.008839883760743529,0.010191409104514989,0.00846077952668647,0.0062823640876407145,0.009306816090970721,0.008703622776206515,0.00998231412841819,0.00671997128335332,0.008268219906188236,0.007833529619896872,0.007671172191609222,0.007864822556821078,0.008182694038199384,0.006370115768611267,0.008888127920095546,0.004608179797453577,0.0047934935779646096
U:TTC,0.006055348503352279,0.0012669626961133924,0.008563133189631074,0.008354087775813368,0.009847124211188208,0.0071878200908442585,0.007293322120049635,0.0079444057400356,0.00940132324523821,0.007631813489000957,0.006251445277351157,0.008857637032797239,0.008624673433613582,0.009311717296412345,0.0059383027197081936,0.007717108630326162,0.007633649608693158,0.008572184934315545,0.00862011841079766,0.007532415777207564,0.008132640535909888,0.009375278293223963,0.004646415735154517,0.00584879890515393
U:TTG,0.005894858524106773,0.0012115521905017028,0.008179391331387306,0.007972830686157598,0.00937502084955922,0.006819977577425662,0.006976760749919939,0.007509327293513536,0.008963445847483074,0.007235888588618126,0.005989029191049251,0.008493474560369332,0.008196015146488747,0.00895457687515097,0.005569560116682538,0.007452403699206337,0.0073457227761115716,0.008454250517872559,0.00848582410790166,0.00710634136703508,0.008378249296252513,0.009023904366705523,0.004389404295009057,0.005809088932000076
U:TTT,0.011934429112316996,0.0025797775419351024,0.016423874375893786,0.016554897302809443,0.019475262176698573,0.014841219695306704,0.014572746343237762,0.01595975161970179,0.018726246693413454,0.015284565579078473,0.011925910437751753,0.017362972808250374,0.016022719111297344,0.018472453888664402,0.012010143582533883,0.015351699573813384,0.014831536084945534,0.015524692200194722,0.016165053643673724,0.01485606815747297,0.01494240229763012,0.017183867082958805,0.008797498384874172,0.010289605739393798
