 ,X,Y,1,2,3,4,5,6,7,8,9,10,11,12,13,14,15,16,17,18,19,20,MT,M
AA,0.03907789393575191,0.0005267469500850438,0.119457545502399,0.07505437055887261,0.0775370436627223,0.06381925008631455,0.06012450414998918,0.04736104789531213,0.06133353427157412,0.0580432899007235,0.03958352089259535,0.06841338556534374,0.029713324729024222,0.025874318499879097,0.036433420205712316,0.03529741514550512,0.028274480443691682,0.026936045617753538,0.029833422317711637,0.028864766356495104,0.022392383342911906,0.026048289969631957,0,0
AC,0.03226005842260739,0.00033884934411307073,0.12619203152632952,0.06587151206405942,0.07796781109104597,0.06114785437660392,0.06070428190842441,0.043614401897556325,0.06600313858093275,0.05773334691102359,0.039188015583512356,0.07746153815368019,0.02770960522272674,0.030075547395106785,0.03553182226684875,0.033347978265616085,0.02734896635386099,0.028347282334876534,0.027264698702011352,0.027269145543797613,0.025287855185929124,0.029334258869337115,0,0
AG,0.032155602519814294,0.0002900160139946581,0.1277888449434923,0.06346809585244774,0.07817840387439227,0.06067461357752148,0.06136501794204698,0.042903897713630124,0.06724538510478367,0.05776952747555376,0.03901577431581851,0.08033104927763075,0.02721178388634697,0.030833443526077503,0.035387803287248394,0.03249687932609145,0.02744930761755385,0.02776395344165421,0.026688708294227096,0.02618533655019178,0.025434127341967826,0.029362428117514366,0,0
AT,0.03986769540180645,0.0005699829997159103,0.12305409878202209,0.07331947456946893,0.07907251500489265,0.06356212318667394,0.059276428226784694,0.046092414806931783,0.06159829726597553,0.058808807680340545,0.039264794080113276,0.06963307344393288,0.029444762604786234,0.025440451657414966,0.03591073272577234,0.034845171152727485,0.0280134920026515,0.02661559065841153,0.028900482952367638,0.028286759168654543,0.022414671651011676,0.026008179977543393,0,0
CA,0.03275564992796776,0.0003275625013410856,0.12828625991596815,0.06402894073969705,0.07887008793170014,0.061027609932631365,0.061003751738534596,0.04288307819320546,0.06684990960145262,0.05801772618805929,0.0389703343613364,0.07916328863148048,0.027296174871259533,0.030187367851488595,0.035090901970281696,0.03286518754866359,0.027091954731852656,0.027776789938504378,0.02686762768672901,0.026408620040552926,0.02540222439396811,0.028828951303325127,0,0
CC,0.028357668313091302,0.00019548666177529792,0.13389071404738911,0.05803398912973137,0.07843587138221508,0.05829318124706371,0.06220241021774996,0.04053045297268314,0.0701025590599159,0.05682879621061797,0.03917599766693477,0.08602572927198447,0.025301151152539267,0.03388894912052013,0.033908111183669216,0.030809403866534548,0.02683680561683774,0.02827681785366403,0.024914211947546373,0.024869164290318702,0.02684369723604048,0.03227883155117742,0,0
CG,0.023151703598254258,0.0001438893022986529,0.1286813098864722,0.05903548190996446,0.0772711095823464,0.055290102970249826,0.06198904397904154,0.04330386866397506,0.07361427790558478,0.05502871826134043,0.03975857248189464,0.08171805529776571,0.025513531554328003,0.0364899864965424,0.032358916113388175,0.032520685151475416,0.02715165591895882,0.0315407053470627,0.026286617273187037,0.02693113917756621,0.028109498907633285,0.03411113022067,0,0
GA,0.03251077458674664,0.00032210513160563947,0.12683243174334433,0.06536979513290014,0.07778024265491977,0.061208927343359594,0.06096327518073428,0.04345644051806823,0.0656664756237676,0.05799145696261844,0.039251348177384494,0.07830699823979125,0.027594150398925148,0.030316377425568915,0.03582582545482802,0.032881401391873746,0.027771227650263654,0.027846964432180935,0.027154411542213947,0.026596322773334135,0.024860285332506855,0.029492762303064225,0,0
GC,0.028540008068056427,0.00020392605863578657,0.1310658733077845,0.058281326008803674,0.07918745476549245,0.05778893727086126,0.062171122883618285,0.04185934589418981,0.07229883250477558,0.05663842352550336,0.0388430940996405,0.08403941186241591,0.025832611558677315,0.03365484439329402,0.03315948945813509,0.03184880106308508,0.026692067202164136,0.028831807719231637,0.02572323303631812,0.02544292739935693,0.027245262983045217,0.030651198936914918,0,0
TA,0.0410415583545408,0.0006141995490906745,0.11961753359795614,0.07597896583685619,0.07831602614132545,0.06361618359975531,0.0590351235285578,0.047361609674325345,0.061298355806419194,0.05826085985455259,0.03929946508802906,0.06753527304582177,0.030149132613747895,0.024608928600233025,0.036178835055780484,0.03555346824216089,0.02830095033421141,0.02682004697695945,0.02933516311030652,0.029323375442192656,0.022130416278397423,0.025624529268779925,0,0
