,X,Y,1,2,3,4,5,6,7,8,9,10,11,12,13,14,15,16,17,18,19,MT,M
B:ACA,1368,0,2019,1996,2111,2036,2109,1360,3726,4015,2576,1598,2169,915,1117,1232,853,1449,1228,555,832,0,0
B:ACC,993,0,1662,1882,1672,1621,1732,1112,3401,3833,2101,1372,2115,755,792,934,717,1226,1215,365,853,0,0
B:ACG,283,0,570,623,716,582,685,430,1112,1571,791,488,682,333,275,368,324,399,516,137,289,0,0
B:ACT,1040,0,1594,1684,1684,1651,1569,1082,2855,3081,2067,1137,1805,726,893,1025,629,1268,885,448,644,0,0
B:ATA,855,0,1199,946,1063,1010,755,670,1608,1203,1367,700,1048,404,712,701,399,731,414,300,292,0,0
B:ATC,981,0,1466,1372,1458,1266,1338,874,2465,2404,1757,1060,1568,581,742,858,561,936,783,395,552,0,0
B:ATG,1373,0,1811,1671,1813,1681,1766,1156,3116,3200,2305,1235,2059,841,976,1163,759,1190,1051,491,726,0,0
B:ATT,1092,0,1451,1158,1422,1301,1148,776,2024,1467,1721,997,1353,557,970,959,512,898,540,410,399,0,0
B:CCA,1559,0,2366,2798,2466,2474,2701,1754,4985,5815,3213,2044,3147,1111,1205,1349,1080,1913,1813,602,1247,0,0
B:CCC,1175,0,1871,2517,1936,2129,2227,1465,4295,5587,2503,1866,2743,941,803,1009,952,1522,1730,439,1057,0,0
B:CCG,402,0,856,1295,986,959,1044,624,1838,2549,1073,848,1325,526,401,488,525,653,804,218,534,0,0
B:CCT,1560,0,2389,2727,2304,2428,2737,1682,5018,6005,3208,2022,3032,1076,1105,1344,1085,1894,1870,580,1200,0,0
B:CTA,753,0,1086,1104,1007,1025,927,651,1777,1801,1394,771,1112,492,590,644,446,767,578,286,404,0,0
B:CTC,1362,0,2275,2440,2282,2316,2575,1600,4527,5323,2941,1787,2929,1043,1052,1366,978,1751,1627,542,1056,0,0
B:CTG,1760,0,2890,3411,3053,3123,3512,2139,6050,7595,3996,2680,3684,1334,1432,1747,1361,2453,2239,789,1439,0,0
B:CTT,1571,0,2307,2246,2244,2297,2182,1442,3993,4113,2996,1609,2561,960,1241,1381,917,1776,1277,668,869,0,0
B:GCA,1206,0,1857,2163,2104,1946,2241,1395,3756,4857,2606,1713,2339,894,991,1183,926,1518,1474,550,929,0,0
B:GCC,1199,0,1838,2534,1915,2028,2340,1423,4114,5501,2629,1739,2676,952,867,1053,1044,1566,1715,509,1110,0,0
B:GCG,358,0,658,1125,864,767,928,538,1484,2239,926,703,1106,443,338,443,482,498,700,182,409,0,0
B:GCT,1239,0,2093,2397,2146,2250,2472,1468,4016,5180,2813,1822,2598,1037,1038,1245,1002,1744,1587,584,1013,0,0
B:GTA,770,0,1145,1125,1142,1131,1036,704,1869,1924,1453,780,1202,529,667,755,460,765,630,292,412,0,0
B:GTC,862,0,1469,1534,1556,1453,1545,979,2917,3477,1831,1154,1833,689,682,865,643,1114,1022,364,681,0,0
B:GTG,1131,0,1851,2097,2055,1905,2131,1370,3897,4790,2413,1540,2208,869,926,1076,901,1416,1461,456,960,0,0
B:GTT,921,0,1387,1422,1443,1406,1372,927,2405,2315,1842,1116,1529,642,801,860,521,1052,731,396,569,0,0
B:TCA,1389,0,2136,1955,2060,1961,2030,1290,3716,3866,2579,1450,2298,907,1050,1303,817,1473,1179,575,821,0,0
B:TCC,1327,0,2118,2392,2166,2208,2401,1526,4318,4995,2760,1804,2721,998,1046,1192,924,1678,1550,528,1020,0,0
B:TCG,369,0,566,752,733,575,662,375,1143,1501,784,482,826,320,286,380,339,386,499,131,318,0,0
B:TCT,1606,0,2472,2383,2440,2427,2412,1596,4444,4542,3240,1865,2853,994,1271,1510,974,1858,1378,669,905,0,0
B:TTA,835,0,1252,970,1186,1168,977,685,1573,1267,1454,777,1076,471,815,826,424,832,446,325,349,0,0
B:TTC,1477,0,2077,2136,2104,2138,2057,1331,3724,3687,2833,1598,2349,907,1178,1293,870,1597,1161,600,778,0,0
B:TTG,1273,0,1828,1730,1822,1710,1667,1137,3125,2960,2268,1347,2017,788,1028,1075,658,1299,940,545,704,0,0
B:TTT,1656,0,2311,1899,2415,2122,1940,1389,3208,2515,2832,1636,2089,954,1521,1602,808,1596,880,702,625,0,0
N:ACA,2561,101,2816,3104,2315,2285,2855,5425,5399,1938,2372,1803,2262,5345,3032,3981,2131,1557,3174,1257,1084,0,0
N:ACC,1570,63,2004,2273,1673,1643,2095,3764,3406,1434,1746,1211,1808,3529,1811,2463,1513,1110,2478,865,828,0,0
N:ACG,448,19,645,638,633,510,745,722,870,536,625,467,592,926,631,732,496,269,820,284,285,0,0
N:ACT,2077,88,2167,2278,1845,1750,2148,4631,4070,1485,1794,1429,1745,4299,2151,3176,1608,1139,2366,1018,889,0,0
N:ATA,2033,107,1917,1714,1284,1293,1492,3264,3104,1081,1425,1099,1070,2198,1817,1683,1100,819,1539,739,640,0,0
N:ATC,2071,71,1872,1949,1558,1430,1961,3899,3661,1224,1599,1260,1462,3091,1787,2173,1381,974,1993,809,754,0,0
N:ATG,2527,85,2563,2672,2029,1933,2462,4470,4895,1675,2199,1605,1975,3881,2644,2693,1849,1315,2751,1092,933,0,0
N:ATT,2484,155,2292,2193,1724,1761,2087,4335,4043,1457,1856,1451,1525,2916,2368,2230,1497,1087,1932,1136,821,0,0
N:CCA,2584,78,3125,3601,2694,2654,3254,6031,5823,2272,2649,1963,2941,5607,2689,3857,2401,1789,3813,1329,1276,0,0
N:CCC,1625,21,2360,3085,2262,2186,2573,4074,4130,1956,2065,1634,2394,3779,1864,2842,1879,1268,3510,971,1218,0,0
N:CCG,546,17,893,1155,943,873,1051,1054,1142,920,857,670,984,1465,754,909,651,447,1351,435,513,0,0
N:CCT,2359,77,3021,3690,2602,2551,3097,5504,5347,2198,2591,1900,2705,5279,2549,3960,2263,1693,3824,1315,1309,0,0
N:CTA,1445,63,1522,1598,1104,1157,1407,2598,2604,992,1175,933,1056,2324,1418,1533,1066,768,1455,727,633,0,0
N:CTC,2301,67,2744,3560,2559,2528,2924,5412,5112,2060,2336,1786,2451,4943,2433,3969,2053,1563,3647,1223,1267,0,0
N:CTG,2887,93,3556,4587,3282,3210,3884,8028,6766,2672,3105,2292,3534,7471,3246,5710,2871,2137,4561,1589,1555,0,0
N:CTT,2918,116,3075,3244,2697,2326,3079,4965,5528,2086,2597,2010,2346,4663,3127,4078,2311,1576,3310,1466,1231,0,0
N:GCA,2074,64,2368,2900,2211,2029,2556,4511,4239,1858,2224,1606,2360,4300,2377,3700,1896,1369,2846,1089,991,0,0
N:GCC,1622,45,2316,3010,2115,2056,2481,3639,3943,1868,2066,1497,2330,3964,1831,2643,1750,1300,2933,985,1056,0,0
N:GCG,458,12,785,1033,825,753,858,909,979,937,726,660,972,1313,621,813,583,429,1182,383,436,0,0
N:GCT,2075,64,2485,3295,2366,2176,2673,4437,4361,1916,2141,1675,2412,4533,2310,3671,1959,1437,3109,1128,1098,0,0
N:GTA,1425,79,1567,1440,1149,1062,1338,2907,2556,902,1210,882,1009,2607,1569,1796,1088,726,1457,643,502,0,0
N:GTC,1414,55,1780,2048,1574,1536,1925,3540,3248,1389,1565,1180,1706,3525,1639,2502,1394,968,2336,782,794,0,0
N:GTG,1967,46,2374,2835,2078,2101,2588,4588,4517,1743,2126,1494,2166,5101,2398,3683,1888,1342,3081,1045,1016,0,0
N:GTT,1852,89,1902,1973,1664,1485,1980,3510,3440,1382,1622,1362,1526,2868,2024,2393,1378,1038,1965,944,760,0,0
N:TCA,2715,112,2713,3104,2329,2148,2835,5541,5386,1817,2341,1797,2162,4984,2766,3614,2003,1417,3122,1220,1077,0,0
N:TCC,2290,65,2721,3153,2468,2365,2812,5207,4962,2091,2268,1823,2479,4851,2347,3655,2045,1517,3576,1220,1205,0,0
N:TCG,481,14,653,619,627,537,735,839,838,574,599,472,648,962,564,718,489,303,802,289,297,0,0
N:TCT,3026,110,3220,3697,2811,2743,3366,6430,6222,2216,2698,2018,2544,5238,3205,4506,2443,1775,3656,1551,1385,0,0
N:TTA,1969,119,1822,1791,1388,1393,1652,3255,2944,1128,1488,1155,1087,2197,1922,1782,1201,853,1452,913,746,0,0
N:TTC,2724,106,2908,3028,2558,2314,2943,5164,5374,2012,2411,1890,2227,4437,3022,3855,2149,1502,3167,1462,1155,0,0
N:TTG,2545,133,2529,2598,2150,1866,2568,4417,4668,1796,2166,1781,2063,3815,2574,3080,1832,1339,2580,1171,920,0,0
N:TTT,3498,189,3626,3343,2826,2666,3405,6150,5976,2321,2678,2287,2307,4081,3893,3661,2279,1787,3240,1904,1335,0,0
T:ACA,30004,1143,56003,79666,37504,52094,53170,42052,69850,34772,49004,41445,65215,24590,34383,32931,36127,27357,39185,18399,27305,0,0
T:ACC,22155,514,42391,61520,28668,44715,43303,33210,59814,29552,39611,33299,59901,19399,24478,26205,32512,20798,33860,14455,23597,0,0
T:ACG,5898,130,14367,20884,10613,15749,15904,11921,18471,11384,13857,13212,20459,7622,9329,9103,11822,7355,11588,5709,8119,0,0
T:ACT,25413,928,44764,62554,29935,41394,40742,33192,52991,27062,38546,31840,51559,19732,26970,25860,28390,21389,29789,14555,21695,0,0
T:ATA,21269,1126,31560,43156,20785,24655,25081,22233,32122,16433,24806,20457,28465,12861,19275,17363,15501,14627,17751,9435,13322,0,0
T:ATC,22715,817,38491,53705,26013,35918,34979,29218,47787,23239,34251,28199,45379,16954,23527,23137,24561,18784,25822,12614,18882,0,0
T:ATG,29385,1039,50009,71705,33357,46229,45775,37932,63219,29895,44077,36392,57675,21712,30852,29697,31542,24254,34548,16284,24321,0,0
T:ATT,27197,1424,41624,55065,27629,32582,32832,29080,40861,21192,32506,27234,37004,17292,25798,22763,20441,18531,22878,12420,17039,0,0
T:CCA,33787,747,63296,93334,43186,67533,64777,50253,93522,44019,59453,49550,89996,28760,36995,39000,48684,31392,51151,21669,35524,0,0
T:CCC,22138,242,45932,70217,32827,56088,53628,39587,78821,36791,47113,40465,77861,21629,25993,31111,41633,23148,44207,17066,30394,0,0
T:CCG,7839,72,20051,29850,14524,24662,24232,17062,30340,17075,20112,18607,32715,10684,12336,12985,18304,10228,17810,8178,12903,0,0
T:CCT,31620,638,61552,88878,41668,66604,64658,48735,90540,42529,58409,48556,90052,28562,35840,39244,48793,30577,50650,21144,35930,0,0
T:CTA,16985,610,27694,38494,18541,25372,24367,20276,33522,16132,24077,19416,31910,12110,16258,16505,17370,13310,18378,8956,13447,0,0
T:CTC,29046,560,58713,83547,39750,62478,60400,46526,82495,39494,54352,45437,83632,27462,34860,36077,44697,28755,46117,20507,33145,0,0
T:CTG,38427,922,77204,113330,52979,82766,80572,60843,110701,53786,73564,60995,110396,36642,45743,47790,60259,39097,61729,26934,43474,0,0
T:CTT,36062,1197,62519,86375,41565,58133,57080,46537,72281,37060,53666,44815,72688,27706,38416,37305,39940,29940,41099,20536,30753,0,0
T:GCA,25888,616,50315,74812,35100,52887,51978,39927,69834,35232,47752,40187,68906,24268,30103,31159,38698,25481,39473,17654,27627,0,0
T:GCC,22225,315,45503,70957,31711,54862,52274,38076,74924,35830,46023,39293,74183,22658,27049,29948,40992,23423,41523,17050,29297,0,0
T:GCG,6283,75,15933,24839,11536,19979,19849,14649,25660,15058,16591,15388,26586,9163,10563,10443,15156,8393,14985,6698,10480,0,0
T:GCT,26542,591,52970,78107,36950,57219,55496,41838,74088,36985,50513,42331,76773,26068,31622,32842,42166,26928,41742,19045,30232,0,0
T:GTA,18377,768,31319,43551,20881,27891,27655,22688,35125,18545,26477,21873,34484,13563,18773,18259,19324,14779,20293,10085,14691,0,0
T:GTC,18542,445,37421,54885,25703,39307,38632,29583,50936,25993,34914,30090,51270,17622,22581,23057,28137,18673,29330,13303,20518,0,0
T:GTG,24726,642,49695,74117,33895,52422,52332,39866,72294,35399,46796,40298,69002,23004,29869,30517,38134,24954,40691,17189,27593,0,0
T:GTT,21828,858,39109,52029,26256,34336,34488,28265,42794,22837,32810,27452,42331,17165,23904,22245,23257,18472,24088,12540,17909,0,0
T:TCA,32449,1125,56350,80444,37506,53720,52544,42761,70352,34302,49990,41424,68200,25190,34786,33655,36885,27410,38914,18510,28359,0,0
T:TCC,28819,631,56865,79320,38845,59068,57773,44608,79387,38109,52198,43925,78361,25866,33530,34947,42190,27885,44025,19433,31370,0,0
T:TCG,6879,131,14506,21104,10687,15804,15936,12254,19273,11350,14287,12874,20922,7809,9086,9070,12130,7311,11577,5763,8578,0,0
T:TCT,36928,1120,66637,91939,44147,63357,61378,50305,81128,39816,58086,47734,79946,29481,40755,39663,42772,32175,45042,22150,32833,0,0
T:TTA,21051,1292,34890,44096,23061,26289,27374,23372,30224,17372,26561,22624,30172,14679,21450,18802,16933,15335,18287,10437,13909,0,0
T:TTC,34689,1183,59527,80503,39563,54037,53419,44452,68657,34724,50870,42055,66893,26187,37033,34990,36423,28474,38181,19374,28456,0,0
T:TTG,29589,1024,49151,69155,33072,44948,43852,36367,57396,29213,41842,35017,55234,21442,29770,28745,30437,23326,31786,15814,23483,0,0
T:TTT,41600,2045,67378,86117,43814,52486,54173,46221,60968,34708,51725,44262,59733,28695,41974,36196,33598,30322,36110,20701,27699,0,0
U:ACA,33470,512,55351,72239,41780,51827,55690,45018,67686,44243,52413,40483,63223,32317,27491,28807,30858,26119,42705,29384,27925,0,0
U:ACC,24581,372,42032,56971,30806,43821,45269,34017,57554,38311,41226,31801,55859,23734,19888,21846,25719,19617,36511,21779,23137,0,0
U:ACG,6909,98,14966,19156,10966,15400,17751,11274,18332,14617,14076,12576,18927,9729,7456,7554,9553,7196,12578,8680,8400,0,0
U:ACT,28283,495,42956,55594,33936,40756,43313,34982,51578,34340,40620,31739,49435,25557,21033,22717,24098,21112,32349,23164,22013,0,0
U:ATA,23925,404,28616,36399,24426,23887,26797,23553,29959,19344,27595,21181,28310,17622,14862,15589,14397,13945,19628,16001,14332,0,0
U:ATC,25861,402,38009,49233,29431,35179,37461,31016,45465,29639,35824,27547,43215,22102,18367,19895,20980,17607,28143,20399,19652,0,0
U:ATG,32912,480,48746,63885,36998,44987,47960,40272,60485,38359,46794,35367,55659,28239,24403,25508,26867,22798,37141,25361,24966,0,0
U:ATT,30950,451,38413,47045,32993,32050,35670,30885,38275,25085,35217,28137,36703,23471,20038,20576,19142,18665,25532,22580,19002,0,0
U:CCA,37665,585,62831,86400,45721,65534,66565,52456,88680,57038,61249,47021,83422,35447,29426,33021,38636,29487,54659,32623,34581,0,0
U:CCC,25025,305,47511,67688,34122,54817,53895,39342,75010,47627,47905,37486,71796,26009,20668,25511,31399,22112,47028,22909,28544,0,0
U:CCG,9329,76,20662,28765,15034,23821,26157,15470,28635,21917,20139,17820,30111,12771,10104,11106,14246,9774,19439,11388,12719,0,0
U:CCT,35612,544,63076,85353,45191,66168,66760,51174,86259,56651,60445,45956,84591,35071,28510,33083,38241,29047,54421,30138,34216,0,0
U:CTA,18873,330,26914,34798,21117,25057,25916,21303,32108,20427,25227,19501,30896,15541,12850,14078,14639,12859,19374,14432,14040,0,0
U:CTC,32871,463,60257,79977,43247,60736,63758,48303,79799,52892,56464,44479,78867,33974,27326,30625,35601,28082,51024,30015,32018,0,0
U:CTG,43540,662,79125,107048,56800,81192,83953,64348,106016,70760,75652,58918,102643,44880,36275,41427,47917,37268,66845,40389,42483,0,0
U:CTT,39773,641,61393,78174,47672,57399,60903,48955,70556,47596,56621,44687,70876,36633,30433,32320,33577,29297,44419,30796,30773,0,0
U:GCA,29512,438,51295,69114,36386,51869,54074,41305,66809,45431,48313,38443,65120,29861,24484,26888,31007,24486,41996,26580,27723,0,0
U:GCC,25375,346,46946,67854,32953,53758,53779,38753,70662,47281,47161,36977,68457,27339,21986,25681,31146,22200,43586,23505,27775,0,0
U:GCG,7683,54,16723,23458,12083,19519,21534,12532,23890,18836,16414,15174,24015,11401,8742,8999,11774,8202,15531,10784,10904,0,0
U:GCT,30183,421,54353,73255,38805,55377,58812,43083,71294,48648,51518,41492,71736,31897,25493,28318,33024,26005,44678,27860,29517,0,0
U:GTA,20097,361,29452,38003,22945,27326,29438,23421,34003,22662,28277,21833,33136,17538,14636,15521,16219,14224,21294,15801,15288,0,0
U:GTC,20826,295,38277,50305,28410,38754,41062,30652,50058,34394,36333,28803,48281,22364,18272,19663,23005,17948,32102,19977,19938,0,0
U:GTG,27769,439,49778,67805,35796,51808,54152,41538,69680,45884,49108,37987,64647,28778,24084,25884,30463,23752,43753,26686,27168,0,0
U:GTT,24450,377,37708,47688,30273,33783,37248,29551,41311,28501,34539,27889,41202,22631,18782,19820,20464,18101,26916,20483,19037,0,0
U:TCA,36543,544,55557,72244,42927,52554,56341,45735,67889,44818,53448,40827,64663,32640,27133,29175,30959,26451,42882,29093,28524,0,0
U:TCC,32500,482,57395,75478,42073,57774,60209,46162,75218,49916,53215,41881,73586,32140,26098,29629,34114,26421,48226,28765,30467,0,0
U:TCG,7860,82,15300,19677,11644,15467,18053,11340,18691,14443,13993,12547,19495,9447,7430,7808,9706,7189,12645,8715,8431,0,0
U:TCT,40881,637,67080,85537,50746,61939,65478,53555,79296,51974,61240,48289,77267,38422,31866,34297,36306,31273,50108,34344,33496,0,0
U:TTA,24082,391,31642,38433,27713,26623,29612,24391,29705,20622,29290,23684,30832,20332,16951,17092,15701,15779,19879,18207,15492,0,0
U:TTC,38132,583,58654,73332,46176,52954,57740,46742,65581,44068,53235,42632,64589,34146,28510,30665,31411,27686,42495,30468,29205,0,0
U:TTG,32973,493,47363,61299,37210,43805,46699,38419,54985,36575,43936,34487,53471,28403,23824,25079,26143,22681,34557,25236,24162,0,0
U:TTT,47007,684,63136,77175,53905,52114,59866,48808,59334,41307,56697,46798,60668,39175,33324,33574,31143,30552,39391,34749,29743,0,0
