 ,X,1,2,3,4,5,6,7,8,9,10,11,12,13,14,15,16,17,18,19,20,21,22
B:ACA,0.04535409095373735,0.07096552401532266,0.05898241823003634,0.08253118554169532,0.03138198605245064,0.031725763677438366,0.06394263824771633,0.044273646989490226,0.02612709949906689,0.027011099106178174,0.033616540614870835,0.07715352126510167,0.04066398192711914,0.014929771142323937,0.056772419212258125,0.02801787643649936,0.07347018956880463,0.06735585895295158,0.016010215106571062,0.05610941950692466,0.013063549749533445,0.02516943325802966,0.01537177094587958
B:ACC,0.0406271263325017,0.07272057155817646,0.05593672034474938,0.07181333635745067,0.026848491721478792,0.03271716942617373,0.06750396915400318,0.03957813563166251,0.028464504422771604,0.02934338852347471,0.033964617827171695,0.0763495123610796,0.0424132456339306,0.010206396008165117,0.05670220004536176,0.024240190519392153,0.07586754366069404,0.07476185075980948,0.012644590610115672,0.06812769335450215,0.016585393513268314,0.021461782717169427,0.021121569516897254
B:ACG,0.03631675874769798,0.06939226519337016,0.053701657458563534,0.06895027624309392,0.02976058931860037,0.03322283609576427,0.057532228360957643,0.04383057090239411,0.029244935543278085,0.02548802946593002,0.03263351749539595,0.06644567219152854,0.04103130755064457,0.012965009208103132,0.05775322283609576,0.025193370165745858,0.08198895027624309,0.07646408839779005,0.01966850828729282,0.06747697974217311,0.019300184162062615,0.029023941068139963,0.022615101289134437
B:ACT,0.04630860318994683,0.07579144514258096,0.06268124697921701,0.08156114064765588,0.031899468342194294,0.031718221362977285,0.06428226196230062,0.04105244079265345,0.02649226679555341,0.027519333011116483,0.03229217013049782,0.07171338811019816,0.04084098598356694,0.014922667955534074,0.060204204929917834,0.029664088931851136,0.07328419526341227,0.06833011116481393,0.013291445142580956,0.05479700338327695,0.013502899951667473,0.02205171580473659,0.01579869502174964
B:ATA,0.055195883134130146,0.07436918990703852,0.068683598937583,0.0983980743691899,0.0412101593625498,0.031083997343957503,0.05805942895086321,0.03710159362549801,0.027099933598937583,0.030004980079681276,0.032495019920318724,0.08009628154050465,0.040255644090305444,0.018924302788844622,0.05556938911022576,0.036147078353253655,0.05834993359893758,0.055776892430278883,0.016849269588313412,0.04091965471447543,0.010665670650730411,0.022327357237715804,0.010416666666666666
B:ATC,0.04958871129539223,0.07279475690496891,0.060222029024276064,0.08637062796763191,0.03029492409549923,0.03213401992911122,0.06493680197953589,0.04166388015782786,0.024877950912860297,0.029693038186317126,0.035410954323547114,0.0794823781181034,0.03995853674847857,0.015247776365946633,0.0552063131144252,0.030763057580418644,0.06700996455560757,0.0669765264495419,0.016384671972179497,0.05112686417441316,0.013442118638400322,0.019293787199892998,0.01712031030562429
B:ATG,0.04880330552740313,0.07224344481692263,0.059587848548634394,0.08596450196200722,0.03204178685585094,0.031418102440165276,0.06400561315974117,0.04139705309113589,0.025129284582001508,0.028923364777422623,0.035524024843429224,0.08352173800057171,0.03957797354538604,0.01507237337907019,0.05504014968425976,0.028793430524154777,0.06977469400483355,0.06462929757542683,0.014058886203580988,0.053688833450274163,0.012603622566981108,0.021309217535926822,0.01689145292482004
B:ATT,0.05337300382536887,0.07222660756572956,0.06976744186046512,0.0981541077175299,0.037555407128544535,0.02981358916752687,0.06257210516728398,0.04010565304511506,0.02583641994049426,0.02865990649098306,0.03199951423887303,0.07195336693181129,0.040075292974679703,0.018580363106442406,0.058594935940251384,0.03530876191632765,0.06081122108203291,0.06126662213856336,0.018094601979476592,0.04150221628514178,0.011111785779343008,0.024348776489161453,0.00828829922885421
B:CCA,0.041275258194881,0.07340817242927705,0.05550067355186349,0.07112707678491244,0.027031881454872026,0.033066906151773684,0.06854063762909744,0.03967669510552312,0.027570722945666818,0.028863942523574316,0.03565334530758869,0.0805029187247418,0.04141894925909295,0.010345756623259992,0.05720700493938033,0.0247687471935339,0.07516838796587337,0.07143242029636282,0.013165693758419398,0.06462505612932196,0.015500673551863494,0.023673102828917828,0.020475976650202066
B:CCC,0.03687258687258687,0.0722007722007722,0.052123552123552123,0.061158301158301155,0.02252895752895753,0.031602316602316605,0.0644980694980695,0.03915057915057915,0.029575289575289574,0.02666023166023166,0.035366795366795364,0.07953667953667953,0.04453667953667954,0.007104247104247104,0.052644787644787645,0.02086872586872587,0.0788996138996139,0.08108108108108109,0.013436293436293436,0.08287644787644788,0.017509652509652508,0.02552123552123552,0.02424710424710425
B:CCG,0.03847196931540816,0.06644453914997482,0.05253574057572353,0.06237650614079269,0.0259579249157336,0.03293169578861726,0.04993994808415017,0.03843322614389214,0.03641858122505908,0.027895083491534616,0.029057378637015227,0.07353453953740653,0.04649180581922436,0.008446011390492426,0.054317926465460464,0.021386230676843206,0.0759366161713998,0.08825694471349424,0.021308744333811167,0.07984967649451784,0.022858471194451977,0.021231257990779125,0.025919181744217583
B:CCT,0.04249343783843316,0.07325758549165734,0.054057526753427926,0.07077956643844417,0.025771398153416912,0.0316085097009857,0.06780594357458837,0.03942803649112502,0.027570256429082767,0.027643679215844638,0.035848675636483786,0.07657996659263203,0.04482461131812258,0.008737311624662713,0.054571486260761026,0.02397253987775106,0.0757356045448705,0.07419372602287119,0.01371170542777951,0.06782429927127884,0.01562069788358817,0.026799317168083113,0.021164118284109475
B:CTA,0.04852919936449858,0.07635645852390352,0.0636464301189158,0.08897019883491407,0.03273795195224111,0.03100476626065187,0.06494631938760773,0.03755235665110009,0.025853353232872755,0.029319724616051226,0.03451928169081893,0.07601945019498339,0.039622550671609455,0.014009917673679649,0.059794906359828606,0.03047518174377738,0.06595734437436811,0.06643878484425401,0.014250637908622599,0.050069808868133454,0.013480333156805161,0.022964710413557365,0.013480333156805161
B:CTC,0.04376523755723375,0.07458722324631821,0.054151552992012054,0.07054369586331291,0.026778458306079167,0.031000376603040575,0.06572714118649779,0.039820816237537415,0.026937028007373492,0.02661988860478484,0.03399337971497096,0.07323938078531644,0.04665913460585518,0.009415076014350559,0.053933519652732353,0.02447919763731145,0.07678737785177697,0.07633148996055579,0.01561911557749103,0.06915621097698757,0.015143406473608055,0.023686349130839824,0.021624943014013596
B:CTG,0.04002853872794566,0.07229811079566568,0.05407494388869896,0.07084144655677274,0.028434680500022295,0.03268576185026086,0.06568366603742735,0.04084605437222231,0.029534610639594512,0.028509000104047447,0.034781574683770085,0.07495875261976605,0.0429270032849265,0.010018282622590188,0.05694368060406974,0.02360390623838756,0.07751534699823119,0.07228324687486065,0.014774737280199771,0.062190644648245315,0.015607116845281448,0.03100613879929248,0.020452755027721214
B:CTT,0.047073036327413,0.07307871645966682,0.06226950955873002,0.08382433979059811,0.02979949980924929,0.031240727396040863,0.06343520834216439,0.040184816243482684,0.025687762282226273,0.02751049128905091,0.03414437709295918,0.07095926412614981,0.04224068500699419,0.013670467551184774,0.05987452842185579,0.03196134118943665,0.07322707812301302,0.06708066635581365,0.015938281548047984,0.05430036878470603,0.013840023737866136,0.022635750921961763,0.016023059641388664
B:GCA,0.03965179446077122,0.07139994656692493,0.05490248463799092,0.07509573425950664,0.030991183542612877,0.03279454982634251,0.05995636298869,0.04250155846468964,0.02836405735150058,0.028230474663816903,0.03377415620268946,0.0762757146673791,0.0436592750912815,0.011621693828479829,0.0562828390773889,0.023310179000801495,0.07707721079348116,0.06859471012556773,0.014983524801852346,0.05752961082910321,0.01649746192893401,0.03562205004898032,0.020883426841214713
B:GCC,0.03965416747619973,0.06928307752088596,0.05232174081989509,0.06448416553332038,0.02568486496988537,0.032582086652418886,0.05931610646978823,0.03961530988925588,0.03203808043520497,0.027977462599572567,0.03380610064115019,0.08127064309306392,0.04387021565960754,0.007868661356129784,0.055935496405673205,0.021954536623275695,0.07822032251797163,0.0765105886924422,0.01614532737517,0.07211968136778706,0.018165921896250242,0.027103166893335924,0.02407227511171556
B:GCG,0.037311492459698385,0.06482925983706014,0.060539088230195874,0.06456924943664413,0.026044375108337667,0.03518807418963425,0.044288438204194834,0.0406482925983706,0.040994973132258625,0.030074536314785925,0.026824406309585717,0.06751603397469232,0.04359507713641879,0.008927023747616572,0.05672560235742763,0.022534234702721444,0.078263130525221,0.08146992546368521,0.019934130698561276,0.07587970185474086,0.026347720575489685,0.018634078696481194,0.028861154446177848
B:GCT,0.04125972957580104,0.0721412449638239,0.05444343662328348,0.07186702385723627,0.03058620035015926,0.03313856603455186,0.05971691944227646,0.04014175121817453,0.03126120615099036,0.02805492859704263,0.03377138397283102,0.07167717847575253,0.04455038285485266,0.009745396249499019,0.057248929482987744,0.02438458455502352,0.07589596473094691,0.07437720167907692,0.016516548189086,0.06121458856287046,0.016516548189086,0.030079945999535933,0.021410340245111483
B:GTA,0.04955808080808081,0.07404401154401155,0.06538600288600288,0.08793290043290043,0.03386544011544011,0.033324314574314576,0.06561147186147186,0.04008838383838384,0.025297619047619048,0.02886002886002886,0.030934343434343436,0.07431457431457432,0.03823953823953824,0.015376984126984126,0.05961399711399711,0.030167748917748916,0.06827200577200578,0.0651605339105339,0.012896825396825396,0.052038239538239536,0.013933982683982684,0.020833333333333332,0.01424963924963925
B:GTC,0.040801384451544194,0.07374866879659212,0.054346379126730564,0.07304978700745474,0.02788871139510117,0.03264776357827476,0.06403088391906284,0.039436900958466456,0.028321352502662406,0.028587593184238553,0.03467784877529286,0.07368210862619809,0.04143370607028754,0.011481629392971246,0.055211661341853034,0.02442758253461129,0.07900692225772098,0.07654419595314164,0.015142438764643237,0.06449680511182108,0.015342119275825346,0.02402822151224707,0.021665335463258786
B:GTG,0.03898607296033926,0.07030986458483929,0.05590092043756927,0.07120138788492121,0.027396270059274253,0.03156474386776541,0.06394872536263313,0.04394968917160619,0.027516746180906944,0.02696255602139656,0.033853790178786564,0.07871909787480122,0.0424557852633608,0.011999421714616163,0.054913016240181196,0.023830176858946558,0.07869500265047467,0.07105681653896198,0.01332465905257578,0.07146643535251314,0.015782371933882704,0.025950556599681943,0.020215893209965786
B:GTT,0.047081818805294565,0.07338316987860916,0.06120979356697071,0.08377340374459914,0.033331047253274806,0.0318222344146492,0.06419312804334408,0.04351553391399767,0.02695288388999383,0.02647280707770386,0.032782388039229136,0.06847952815307592,0.04162951786571566,0.015568205198546053,0.06302722721349702,0.031925108017282766,0.07132569782593787,0.06847952815307592,0.017762842054728757,0.047356148412317396,0.01388793635553117,0.022289280570605582,0.013750771552019751
B:TCA,0.04782092194451562,0.07218560014907642,0.05970044955859402,0.082574363513545,0.030770305839603083,0.030514080734201393,0.06277515082341431,0.04213738324287811,0.026740583727376487,0.027951829680184483,0.034590389229228295,0.07512054226549579,0.04220726281707857,0.014441778668095316,0.05632293680557173,0.02886026414479048,0.07297756865668165,0.06943700356385829,0.015024108453099158,0.0570450257389765,0.012601616547483171,0.020917285877338054,0.01728354801891407
B:TCC,0.04335154084461112,0.07475949779879341,0.055193217022664276,0.07247676504157835,0.026597912930050545,0.03218245556823741,0.06846160117397684,0.03919370617968368,0.02665905755747595,0.027637371596282406,0.03568808087396054,0.07467797162889288,0.044574433393119194,0.010231534322517529,0.0544390999510843,0.025354638839067342,0.07261943583890429,0.0755747594977988,0.015408446111201696,0.06579161910973423,0.01583645850317952,0.02345915538887983,0.019831240828305886
B:TCG,0.04497697179044329,0.06793321819228555,0.05627518710420265,0.0706678180771445,0.028785261945883708,0.034902130109384,0.055843408175014396,0.03943580886586068,0.030152561888313185,0.028209556706966035,0.02943293033966609,0.06253598157743236,0.04231433506044905,0.013025331030512378,0.05418825561312608,0.027921704087507198,0.0761370178468624,0.0800230282095567,0.02166090961427749,0.0714594127806563,0.021229130685089234,0.01755900978698906,0.025331030512377662
B:TCT,0.04622142357991415,0.07373465109314166,0.0593990216631726,0.08243985225117301,0.028611360686832385,0.030208645302984925,0.0676450034940601,0.04025157232704402,0.024538284915643405,0.027633023859438954,0.034521313766596784,0.07345512628531496,0.041928721174004195,0.012898073275431765,0.05814116002795248,0.030288509533792553,0.07419387042028551,0.06760507137865629,0.017051013277428372,0.05624438454627134,0.013277428371767994,0.023919337126884297,0.015793151642208247
B:TTA,0.0509956099090624,0.07408278457196614,0.0714565694575102,0.09642521166509878,0.03911884603323926,0.030299466917529005,0.060559736594543744,0.03962841015992474,0.02857478833490122,0.02810442144873001,0.03037786139855754,0.06839918469739731,0.039785199121981814,0.01775634995296331,0.06236280965820006,0.0371197867670116,0.06436186892442772,0.06220602069614299,0.01658043273753528,0.038491690185010974,0.010622452179366573,0.024223894637817496,0.008466603951081843
B:TTC,0.048554460614762124,0.07165698622985055,0.06291196240944985,0.08479627575104962,0.02999847723465814,0.03015075376884422,0.06661010681111183,0.04076660358067393,0.0252779046748896,0.026974700341534513,0.033935913332898256,0.06887250103330506,0.04187604690117253,0.014749070025451935,0.059844677935130194,0.033022254127781765,0.07002545193499968,0.06663186060170985,0.017925123452761645,0.05568970393090996,0.014248732841697666,0.02210185124757989,0.013378581217777198
B:TTG,0.047978793903247184,0.07379721669980119,0.0614181577203446,0.08654738237243208,0.032842942345924456,0.032259774685222,0.06099403578528827,0.04233267064280981,0.025208747514910538,0.02775347912524851,0.03385023194168323,0.07411530815109343,0.04233267064280981,0.015268389662027834,0.05945659377070908,0.03024519549370444,0.0710934393638171,0.0669582504970179,0.016381709741550697,0.046653412856196154,0.01320079522862823,0.02356527501656726,0.0157455268389662
B:TTT,0.05029552170947943,0.06999696900810791,0.07113359096764416,0.09735167083428052,0.03694021368492839,0.02896491626884898,0.06243843297719179,0.03957338789118739,0.02623702356596196,0.025820262180798668,0.03358717890429643,0.06577252405849815,0.03983859968174585,0.01831855724785936,0.06223005228461014,0.03656133969841631,0.06920133363643252,0.05995680836553762,0.018470106842464196,0.04131620822914299,0.011441994392665,0.025233007501704933,0.009320300068197318
N:ACA,0.02547316782127349,0.08807053598064238,0.06887865027014485,0.023169478603864896,0.029467334018363222,0.024147303523484372,0.023434651463422718,0.09289336736385032,0.02084921608273393,0.04968676455964732,0.04314030958931354,0.04811230070602274,0.05691272498259803,0.015363452550631443,0.06630978819317843,0.060144519208459014,0.08687725811263217,0.0575259372203255,0.008187212038847824,0.028423215883854287,0.011269846531207531,0.012496271006662469,0.037041333819483574
N:ACC,0.028542493386243387,0.0935639880952381,0.061693948412698416,0.02122602513227513,0.03280009920634921,0.02025462962962963,0.023499503968253968,0.09563078703703703,0.019469246031746032,0.044684193121693125,0.04666832010582011,0.04656498015873016,0.04544890873015873,0.015376984126984126,0.06450479497354497,0.06442212301587301,0.09612681878306878,0.05935846560846561,0.007295800264550264,0.02978257275132275,0.010147982804232803,0.008597883597883597,0.04567625661375661
N:ACG,0.033542853786054164,0.09287434647241967,0.05104858133114022,0.019326793162192327,0.03994595547200846,0.022205251718263527,0.025083710274334724,0.10403571638371614,0.020854138518475004,0.04029841978499677,0.05363331962638783,0.03706749691593726,0.03225048463843036,0.016154614345297538,0.06309111202490748,0.060682605886154026,0.1231275333372496,0.04999118839217529,0.007930447042236973,0.03307290136873642,0.010103976972331551,0.008165423250895847,0.04229571755859719
N:ACT,0.026794610752501842,0.09335874886279946,0.07291080015595892,0.022029198977602565,0.02813759043451891,0.024043668500628168,0.02640471342546463,0.09333708790018629,0.018238530520296323,0.047805744487285015,0.04176233591820821,0.04275874019841442,0.059459342373175066,0.01693887276350561,0.06795043971754104,0.05969761296192003,0.0807087466967032,0.06045574665338128,0.007104795737122558,0.025906511285361523,0.010635532643070659,0.01148031018498462,0.03866481826452368
N:ATA,0.021652801530479146,0.0757123394881011,0.07948056465404794,0.024348531841502652,0.029624047073828225,0.030522623844169396,0.023305023334009682,0.09611872807907476,0.015768573002116003,0.057132090785240154,0.054610278558798804,0.0554218962868489,0.06098727499347807,0.017739644627380504,0.05290008406040755,0.048899968115017824,0.07258181396562219,0.06637873561552508,0.008521986144525928,0.02217455578422563,0.010898866633815472,0.014985941621496275,0.027131221194817243
N:ATC,0.027578947368421054,0.0927485380116959,0.06973099415204678,0.02526315789473684,0.03223391812865497,0.0272046783625731,0.023859649122807018,0.0943625730994152,0.018198830409356725,0.049777777777777775,0.048654970760233916,0.04666666666666667,0.05316959064327485,0.016888888888888887,0.051485380116959065,0.0592514619883041,0.07747368421052632,0.0607719298245614,0.00832748538011696,0.027461988304093566,0.011017543859649122,0.011649122807017544,0.03978947368421053
N:ATG,0.026305949220356728,0.09338892420446472,0.06985005421979583,0.024978499046479453,0.028904760124144637,0.024922409602512807,0.02395019257375762,0.09032270126762143,0.020192199827992374,0.05145271659873612,0.04677859626818233,0.05184534270650264,0.048536065512470555,0.016191152825038326,0.0529110421418689,0.057360804696556106,0.08280671577609094,0.06304453501850951,0.009049096959952136,0.029727405302322103,0.011012227498784728,0.012059230452828777,0.03838387615450772
N:ATT,0.02156106216600986,0.08634741164091031,0.07834196463573152,0.026430354674314482,0.031794829471599236,0.031237749396496584,0.02630655910206945,0.09567334475003611,0.01735201270967875,0.055419151175026306,0.051437060267811086,0.05158148843543029,0.0594218746776157,0.018301112096890667,0.04611385066127468,0.048878618441413745,0.071326882208513,0.06573544886211237,0.00926403532300328,0.023273567582066147,0.012400189819877443,0.015247487981513194,0.025770111622340976
N:CCA,0.028926432231935726,0.09447291505563783,0.06338388141080252,0.02104932041888934,0.028310418496140084,0.02083961361521423,0.02335609525931557,0.09649134304101079,0.02007942645189195,0.04601753673145733,0.046672870492942053,0.044195708874529796,0.046738403869090527,0.01511199653983774,0.060972253168538736,0.06711928385126545,0.09556076909970247,0.059425665491434784,0.007064497948805326,0.030145353028297312,0.011219313996618479,0.00888632580573286,0.04578161657732283
N:CCC,0.029503825643403665,0.09668444238349178,0.05521099003014143,0.01889635984233712,0.03731451425921632,0.017795038256434036,0.025330396475770924,0.10235045212149316,0.01834569904938558,0.043342800834685835,0.056906445629492236,0.04163285416183631,0.036111755158822166,0.013215859030837005,0.055544284720612104,0.06748492928356133,0.10159691629955947,0.055935543705077674,0.006839786691398099,0.035677022953860424,0.01078135868305124,0.006332599118942731,0.05444296313470902
N:CCG,0.03667907516819781,0.09545439021891329,0.04514873125917831,0.021071684710221646,0.05836549298179707,0.019466548273624536,0.022403606434206483,0.10067962159762303,0.020047129537925618,0.03462996482360575,0.07574877907175301,0.03630340493835593,0.025067449882176154,0.0145486834466036,0.04716368976469383,0.05057887367234726,0.11567227895222158,0.05628223079812848,0.007854922987602882,0.03855742631740719,0.010348007240189885,0.0068303678153068545,0.04975922953451043
N:CCT,0.03058350632693808,0.09676182416797789,0.06178846738684896,0.020600563275992013,0.030186833093125653,0.020759232569516985,0.024990413730182865,0.10354493646617038,0.021936029829827182,0.04496952227320208,0.0477197900276349,0.04013010882069048,0.04277459704610665,0.013248886009335043,0.05455579209033572,0.07158629626201589,0.09171085165743299,0.05846963466395166,0.006849224503827897,0.028970368509434213,0.010538285578283462,0.009387933200227426,0.049518042020917905
N:CTA,0.02796400530599075,0.09203025848779263,0.07177428028537626,0.024414727709461154,0.02835836948338293,0.027497938550890905,0.027103574373498727,0.09174344817696196,0.0162047825619331,0.05191266626035206,0.047467106442476606,0.047180296131645934,0.05915462660882659,0.01792564442691715,0.055712902878858495,0.05983580109704944,0.07457068081597533,0.06385114544867888,0.00785143225898971,0.024235471265191984,0.00985910443480443,0.013336679453626358,0.0324095651238662
N:CTC,0.030529768967683394,0.09566552662804495,0.061855238361136315,0.021148879737558458,0.031255671110490685,0.020087945836532423,0.02486214839114958,0.10715432400362951,0.022391289174286313,0.0446011028128708,0.04589935087596845,0.0410972290081664,0.03823549940671459,0.013457108955119704,0.05685768130103999,0.07596845117610107,0.08900677043344733,0.056676205765338175,0.0064074823759335525,0.030208696866057094,0.010330145878411391,0.009087736441683534,0.04810497661757521
N:CTG,0.030324971250905063,0.09400954044039354,0.06628263554665871,0.02061416585033434,0.02853613867711572,0.020252140210400785,0.022956684696963242,0.09840708718429235,0.021253034626687678,0.04335789428851314,0.0449657140423357,0.040429745730227014,0.05070488521657651,0.014459729971463862,0.06188508880275991,0.06808211593338728,0.09535116487073556,0.05766855487882789,0.006079901188295924,0.027119979556199155,0.010945951701520507,0.008869628178372162,0.050459985518974404
N:CTT,0.028012760486930025,0.10027457266652912,0.06540543114257145,0.02374339359118828,0.03126636722903804,0.026504991508879965,0.02783817671052423,0.09857634865967274,0.020727855635088166,0.05162918405891409,0.04748678718237656,0.043741171615852205,0.04875648737441871,0.015982351167330613,0.05326392305616836,0.06292951576808926,0.07619788277492977,0.060929737965622864,0.008126081229069786,0.02669544653768629,0.012347834367609948,0.011474915485580967,0.03413906391353342
N:GCA,0.031553106384439755,0.09505416216030627,0.06605895177765189,0.021733532471545552,0.030351410276218432,0.020823676846749413,0.023244236150452353,0.0917924155808484,0.020995347719352457,0.04334689533226897,0.04853135568488095,0.04509793823282004,0.041115173988429385,0.01545037853427409,0.05565569689790733,0.0683936756450533,0.1015948224064823,0.058453932121336975,0.007793857616178263,0.026385813119088084,0.011227275068239171,0.009510566342208718,0.04691764948241232
N:GCC,0.03376863624249455,0.09564644833586781,0.05571668208255601,0.019580792324454827,0.03798579647890636,0.019188862934453727,0.02321789706366501,0.10484895041309358,0.022026431718061675,0.04187373602771725,0.05922836941696584,0.038377725868907454,0.032373367614090647,0.01376456017683854,0.047862417106934015,0.06272437957577563,0.11151175004311223,0.056955178954959475,0.00696066596641949,0.03215388715569003,0.010205841315628576,0.007775879097621772,0.05195415993854547
N:GCG,0.04246840028983174,0.1016826342484502,0.04359552370984623,0.020570002415264473,0.05563159165928669,0.02141534498027534,0.02503824168746478,0.10317204733918364,0.02040898478383383,0.03482006279687626,0.07467192657596007,0.03296836003542388,0.02036873037597617,0.013243700185170276,0.03993237259479913,0.050237501006360194,0.12297721600515256,0.05289429192496578,0.008050881571532083,0.04009339022622977,0.011995813541582804,0.00680299492794461,0.04532646324772563
N:GCT,0.032791407061266875,0.09795236240913811,0.061818535825545175,0.020800882658359294,0.02933541017653167,0.0216283748701973,0.023786344755970926,0.09936396677050882,0.021384994807892004,0.04280244029075805,0.04922767393561786,0.04022261163032191,0.044408748701973,0.014943535825545171,0.05659397715472482,0.07093717549325027,0.09715732087227415,0.05688603322949117,0.006165628245067498,0.026723130841121497,0.01080607476635514,0.008583203530633438,0.0481081256490135
N:GTA,0.02487132658143782,0.09327577619126681,0.07378382865681554,0.022613315623443465,0.03008467541092479,0.026033538103934915,0.024207205711439483,0.10117881454424706,0.01663622779345841,0.04439648015938901,0.04376556533289059,0.04406441972438984,0.056118213514859704,0.016669433836958326,0.06505063921633737,0.05877469699485306,0.08361281753279097,0.06252697991034369,0.009198074049477005,0.024140793624439646,0.00913166196247717,0.014112568487464719,0.03194421384692014
N:GTC,0.0301213385154991,0.09391885486775997,0.06119063418333491,0.0221584984358707,0.03396056498246279,0.022869466300123233,0.024954972035264006,0.09510380130818087,0.022727272727272728,0.04438809365816665,0.04353493222106361,0.04282396435681107,0.05270641766992132,0.015001421935728504,0.06642809744999525,0.05837046165513319,0.08986633804152053,0.05765949379088065,0.006540904351123329,0.030595317091667455,0.010901507251872215,0.009100388662432459,0.04822732012513034
N:GTG,0.02739448051948052,0.08896442099567099,0.062466179653679656,0.020934794372294372,0.02878111471861472,0.019903273809523808,0.023352949134199136,0.09260010822510822,0.020951704545454544,0.046908820346320344,0.043459145021645024,0.04778814935064935,0.04457521645021645,0.015438988095238096,0.07090435606060606,0.06373444264069264,0.10372700216450216,0.05406182359307359,0.006950081168831169,0.032146239177489176,0.011262175324675324,0.008911661255411256,0.04614786255411255
N:GTT,0.02688964196257551,0.09164579342861352,0.07047787436766367,0.022690437601296597,0.03224301360443986,0.02485143165856294,0.02561269092873631,0.09316831196896026,0.017484406463336773,0.051053484602917344,0.04884337704434949,0.04459505918176907,0.05834683954619125,0.016698590442512647,0.05842050979814351,0.06274249791267619,0.08030057462796522,0.06190756839055056,0.00864397622906537,0.0249251019105152,0.010633073031776435,0.012499386081233731,0.03035214380433181
N:TCA,0.026046855416653275,0.09428929524054376,0.0685156024038307,0.02331522961725102,0.02988719992287174,0.02472924767811807,0.025195230902721986,0.0965870745894527,0.020406851560240382,0.05085644503004788,0.04351319214577241,0.04658225407333612,0.053877301796445676,0.016148728990583925,0.05922807468586303,0.05641610695118424,0.08225407333611852,0.05974226307163287,0.007070090304335251,0.02744480509046502,0.010926503197609023,0.011022913519940869,0.042195584407237204
N:TCC,0.029746523039400716,0.09703551000261317,0.061931999651578064,0.021892511831828346,0.03141604483028948,0.022023170058941378,0.025042826863331494,0.09879213727824396,0.0208182108533434,0.04501901803083534,0.048866176940274675,0.040068522981330394,0.04747248918440231,0.013922359977933276,0.057765453964751315,0.07041026683313492,0.08530530472402079,0.05921721204378502,0.007084579425684504,0.030748236113933975,0.011585029470689004,0.009741296710316193,0.04558520368165849
N:TCG,0.041502347417840375,0.09815336463223787,0.05001564945226917,0.02272300469483568,0.04970266040688576,0.023724569640062598,0.02435054773082942,0.10090766823161189,0.02247261345852895,0.037496087636932705,0.05890453834115806,0.03530516431924883,0.028544600938967137,0.015524256651017214,0.047073552425665105,0.06384976525821597,0.10384976525821596,0.054773082942097026,0.006697965571205008,0.03023474178403756,0.009139280125195617,0.008012519561815337,0.04907668231611893
N:TCT,0.027444182498959923,0.09475800859797531,0.06752184163084177,0.024240743308833725,0.03160449313548745,0.02439328803217307,0.025682984329496603,0.10167799195673277,0.02077381777839412,0.05104701151019276,0.044792677853279714,0.04572181389543752,0.048273471085841076,0.015365413950908334,0.05574816252946887,0.06763278324781584,0.07535709332963528,0.059547912910830676,0.0073082790181666895,0.027763139647760365,0.011551795867424768,0.01101095548467619,0.03751213423935654
N:TTA,0.021608871295718896,0.08385977279505463,0.08231434536236207,0.025025079304828782,0.028929317029525798,0.030393406176287177,0.028115934170213918,0.09741615378358594,0.016077867852398123,0.05305967518911151,0.05230051785375376,0.048287829081148495,0.05861779139440935,0.018599354716264945,0.04777268660358431,0.05175826261421251,0.07374671257761028,0.06528753084076674,0.010140172979421413,0.022530705202939025,0.01146869831629748,0.01499335737331562,0.023886343301792155
N:TTC,0.02700358049811511,0.09859776968090979,0.06673606839224594,0.02444833514724207,0.032681903500055204,0.02580482341992776,0.026924714900865943,0.09626334800233442,0.020094954179088,0.05354974053218505,0.048612754144387135,0.04438555813183173,0.0527768576791432,0.0160097162415811,0.05356551365163489,0.06077382924020883,0.07336077856117604,0.06178330888499819,0.0076184166942696255,0.027129765453713782,0.012665814918216375,0.011892932065174529,0.03337592075584788
N:TTG,0.026635133563369908,0.09539409917419454,0.067654014655139,0.023746752994998642,0.03223742875974101,0.02739115263831272,0.02523940604039856,0.09475439072616601,0.019191253440856045,0.05138991199162563,0.047260884736168726,0.04776489745279727,0.05433644787345404,0.01690381111154189,0.05433644787345404,0.05991935796533943,0.08035125809328113,0.06195479393633932,0.00889776295894235,0.02459969759237002,0.011553522273485054,0.012832939169542123,0.03142325437134106
N:TTT,0.023635179153094463,0.08595439739413681,0.07331596091205211,0.026814332247557002,0.031791530944625404,0.03080130293159609,0.029563517915309447,0.09679478827361564,0.01771986970684039,0.05748534201954397,0.05414983713355049,0.049446254071661234,0.055074918566775245,0.019778501628664496,0.04697068403908795,0.05344625407166124,0.06981107491856678,0.0631400651465798,0.010019543973941367,0.023726384364820847,0.012872964169381107,0.014644951140065147,0.024247557003257328
T:ACA,0.035225487418548945,0.09984546835964664,0.0818296546217838,0.06185772786978134,0.041107991861333605,0.041763463569165785,0.053212970355680324,0.046359492106008704,0.03513276843433693,0.04074741803384243,0.038802894892729284,0.05494630025497721,0.05475184794086589,0.019849589203389393,0.03012594328688799,0.03801993458160558,0.03666520720117444,0.059457336389625776,0.015974708321528832,0.06098333633811523,0.021952507275864733,0.010148865480207072,0.019249491333350504
T:ACC,0.03596077885784453,0.10090491716015702,0.06996927152958825,0.05795159661019,0.03227850398320822,0.03699060604044302,0.04895384075635589,0.0450931229925175,0.03434269503202898,0.04064717304121123,0.03583980062787701,0.05857917117814649,0.05324856792020276,0.015804293517381548,0.029951185284208107,0.03627985893938386,0.044426230499821556,0.06941277167173768,0.013073209975864843,0.07899575971303964,0.025071225932893376,0.009977679516570992,0.02452077498654117
T:ACG,0.0339856241507699,0.09316387729215157,0.06559032524229998,0.051444358238609544,0.031124411439924796,0.03734354667224952,0.04383771956831402,0.046534730688866724,0.03880083578609459,0.04222443894369117,0.03709313924705361,0.05485154123717688,0.04724079752712405,0.01736842321317882,0.030098151500597282,0.034355077728927805,0.05133762720491948,0.07026596552587612,0.013476845523248893,0.0885990730820228,0.028398665041070924,0.0123766948682898,0.02899800084563819
T:ACT,0.0369289592317666,0.10286068513850725,0.08302548684961844,0.0625640799149492,0.041254057737383554,0.04107266228583507,0.05429717937959601,0.04583468722692098,0.03435945322678848,0.03983444116004757,0.038671932918384666,0.05372775539690902,0.05551647228435236,0.01980049655033172,0.031857773347171964,0.03822081031714234,0.03547148621236833,0.059576575695533256,0.01573566108389303,0.057347777669115765,0.021627069879837344,0.009806395845886424,0.01852599633423453
T:ATA,0.03766610253212733,0.09654595807049793,0.10109479889548395,0.06658474569408793,0.054391746900634044,0.04682249196310722,0.05994874203396144,0.04883880057978995,0.03719239147158138,0.03711951284688201,0.04086668880017491,0.04790959811487291,0.05688783979658766,0.025303053614374904,0.032643550646595354,0.0396844355550517,0.025560153207064368,0.047974379114605684,0.01914480982727766,0.037074975909565724,0.016466520369575605,0.009518758148235123,0.011419675609143838
T:ATC,0.03817758437061446,0.10126545133164974,0.08191169286696967,0.06081105573958389,0.04126224066533292,0.04255168568612457,0.05369580490196248,0.04627847524420915,0.0348719789960281,0.03956024228447539,0.03863329184784203,0.05515268789734153,0.05587077240691225,0.020474039346197865,0.0316164323973493,0.03826907109899727,0.03592666561946009,0.060679867223412315,0.016367493557090308,0.05520102050856264,0.021107541786131646,0.009721759514188211,0.01846823598052196
T:ATG,0.03752919221828498,0.099987055644548,0.0828479200038833,0.06138860573111338,0.04106192256039351,0.04242377662357275,0.053241752018510426,0.04555738933924459,0.034736717203587744,0.04033649930693763,0.03825326710138127,0.055600051777421805,0.05490294430151719,0.020043525395207352,0.03100442804826087,0.03835169813763086,0.035425734457334865,0.058771418863161985,0.01620471498147339,0.060088776704474975,0.02176809108511453,0.009578823034480526,0.018832688812301452
T:ATT,0.03696717266311102,0.09576175951196018,0.09917024907392542,0.06536332447393613,0.05338232758364401,0.046024271180797105,0.05973701265882996,0.04812912125482362,0.037595952028445206,0.03841202737494277,0.04117389985908207,0.04800723021946332,0.057758513048286685,0.02556887438088273,0.03206626115600269,0.03896202351010506,0.027392780483164174,0.04819601267666768,0.019245405302557334,0.039125535874612774,0.017252040931604266,0.009476284761242218,0.012302075715143624
T:CCA,0.03606365649705118,0.10284283639120516,0.06920640953182286,0.057745144806091,0.031188627479021312,0.037143078232608526,0.048611199539237766,0.04492333852800962,0.03402333392430531,0.04102390302051979,0.03543285105449317,0.05975608203213385,0.053645888941020674,0.015390085579924715,0.03014152962483728,0.03730567715103186,0.04400161815309178,0.06998022366166887,0.012807113604729865,0.07752833971811617,0.025454566825706692,0.009626639579907083,0.024619043467784353
T:CCC,0.03400003518989346,0.10217055661613984,0.05596512681557857,0.05128157193254097,0.023219831264460845,0.03329623732064151,0.04505845921051474,0.04584913212925248,0.033706419516314916,0.04073120199878595,0.032668317659168285,0.06341328770377147,0.05097805910142607,0.012131715771230503,0.02858409064916556,0.0349864518910169,0.05104404015166844,0.0789144357740457,0.0102963428903219,0.10412029665080189,0.028291574659757717,0.00927033755905304,0.029163624207127713
T:CCG,0.033056840206482314,0.09417637351039128,0.055914298324729904,0.0462066550248508,0.02612692137936328,0.034596822168064326,0.041680259446182186,0.04835591333883441,0.0393079196330909,0.04358724645468327,0.03501659918251425,0.058509719636928866,0.044357237435474275,0.014744967473278194,0.029053366851528466,0.03341904780180768,0.05526424363378173,0.07563182437489206,0.01205839458079868,0.10406152251923778,0.03144969392258832,0.011271612519429678,0.031454491374182034
T:CCT,0.03614271775829513,0.1040570935210245,0.06593391166227622,0.05629632155115965,0.029481339014340566,0.036416473049142584,0.047832971167451,0.044818654668229645,0.03416927302427397,0.04038542338311401,0.03549894157981872,0.05976288580192752,0.0532378833200801,0.014806852104957578,0.030610454243257146,0.03698203343023401,0.04572214740468954,0.07253512440824234,0.012154534360300067,0.08114788702028898,0.025846309969205037,0.009401939952328475,0.02524063892278797
T:CTA,0.03861685557748464,0.10223546634839159,0.0860902871496439,0.06343919099884807,0.043021740995857746,0.04273050890208101,0.0553809029755079,0.045923660787418774,0.03462541572081243,0.03856484984645308,0.038772872770579316,0.054925852828981755,0.05717510069609671,0.020966110465373285,0.03296123232780252,0.038356826922326843,0.03182750739131452,0.058678066322908784,0.016158180631505592,0.05053396884336654,0.01976217779199268,0.009602858234977495,0.017208696398343097
T:CTC,0.03603358343043199,0.1029238492448084,0.06672038853981771,0.055507399462055296,0.030452679378423407,0.036415807298189065,0.048921388202241074,0.045035990025154904,0.033998323006392175,0.04040030055210114,0.03575372151016541,0.05859350328320502,0.05425945486818177,0.015151746142370224,0.031000424693186396,0.037706221210702266,0.04499025383585064,0.0720943907830689,0.012667835480393332,0.08052400605460029,0.025365072796767977,0.009631823676100663,0.024478661889775783
T:CTG,0.034767072546779194,0.10355010240994382,0.06815287769490173,0.05768139964070701,0.03120683539379198,0.03693378253129919,0.04808690378696116,0.04499989374866164,0.03476870718275394,0.04166523636018877,0.03591213504708569,0.059122331252441734,0.05271455823145465,0.015482454634765112,0.030365815184787422,0.03767590726383188,0.04530393603996358,0.0712300799173528,0.012787757230403575,0.07501916610680384,0.025832969626828954,0.010026039751077635,0.025191375006742872
T:CTT,0.03758909413424534,0.1022397163640158,0.08282743516566708,0.06110517242719007,0.04060283746987644,0.04125997782151313,0.05401316278765153,0.04611526818985584,0.035077086337363866,0.03944618164824565,0.039294106938491884,0.053409304086147545,0.05626986267764713,0.020091622237540695,0.03228756994604123,0.038128570841838974,0.03591183218944291,0.06038809021915409,0.015824650089413268,0.05637531594353477,0.02147250500347996,0.009677279705352475,0.01859973603382497
T:GCA,0.035075048749934626,0.09925810444315496,0.07118237580907459,0.05790471162203422,0.033227158507641845,0.037747267388721896,0.0478322155506688,0.04541775518691833,0.03658299691935279,0.041680882803413866,0.03678098515959845,0.0584376610989219,0.05212196075599132,0.016693272633542446,0.030856280460926585,0.037702439862628535,0.04504668288759,0.06905929436493093,0.013752088838195044,0.07029827737778896,0.026141918966775333,0.010503338405484897,0.025163184647070395
T:GCC,0.034881636093083174,0.10094707113711347,0.05965874376318311,0.05247890988035133,0.025461173281013924,0.0347628667716557,0.043141813995822516,0.04532077423893418,0.035971116214639005,0.042465742473850765,0.034116487580040815,0.06214833146233585,0.04837794225298551,0.01334213444458783,0.029864774275478588,0.03578040009273143,0.05102398569286482,0.07548703986880557,0.011291079624551902,0.0930865976814858,0.029920732898074225,0.009768776687409424,0.029620383556387447
T:GCG,0.032117957944450694,0.090169234229169,0.05555211964466434,0.04550770268750703,0.02774935342404138,0.034878556167772405,0.03962386146407287,0.0491285280557742,0.04065276059822332,0.043764758799055434,0.034622736984144836,0.057713932306308335,0.04229450129315192,0.015166423029348926,0.029646913302597548,0.03437816259979759,0.055740470032609915,0.07390363207016755,0.012563251995951872,0.10683964916226245,0.033040031485437986,0.011205442482851682,0.0331215562802204
T:GCT,0.034485476311311464,0.10140370779472789,0.0686855539302027,0.05676806878227901,0.03134967310505418,0.03688688539272174,0.047847866973161776,0.04539033346269815,0.035568558378362244,0.04161686121145177,0.036203839149774604,0.05881481923754366,0.05312833985132997,0.015649162611577155,0.03134967310505418,0.03775144042750097,0.04581066961220408,0.07209481446099651,0.013000567214974475,0.07261904051109054,0.026105024330537064,0.010360330775890379,0.025676329223512553
T:GTA,0.03721308844098966,0.09994496801265736,0.08773703882048108,0.06236729265552269,0.04439934878814978,0.04278049116048703,0.055070968333677285,0.046616679278163764,0.0362018756735686,0.039636788883538554,0.03929513196211965,0.052569305909059644,0.0555731352181789,0.021249226112677995,0.032019444635527736,0.0384444291577813,0.032785306459379514,0.05673797895026484,0.01662195317695077,0.05273898787003279,0.020476485290408384,0.00965352777968861,0.017291509022952924
T:GTC,0.03555839302174607,0.10295399359418096,0.07028646851428756,0.05691889429681252,0.03306385374934095,0.038244819930490045,0.04923083544648846,0.04516891492025006,0.034267186496849095,0.04136344235659538,0.03660929166562055,0.057169962232209146,0.05253596548174557,0.0167013977310632,0.02988246433938646,0.03645865090438257,0.043875915052957404,0.06788876973124972,0.013579188620166494,0.07717110997134238,0.025262814328088405,0.010146731274815376,0.024240609162544967
T:GTG,0.03409541019341444,0.09939575787857685,0.06956292117669292,0.05845667138703857,0.03215505256699347,0.037183931405315986,0.04763649166772379,0.04522884311192459,0.034887604234354816,0.041099596395258224,0.03636584867022723,0.05911942195723705,0.05203109749941103,0.01563936013503543,0.02948204489617339,0.036554836137510385,0.04549161335753063,0.06845876837126459,0.013208411754502691,0.08082579756594498,0.025953415883749408,0.010554820604293899,0.025055078196800674
T:GTT,0.03711984069514844,0.09886676321506155,0.08585083272990586,0.06280231716147719,0.04432295438088342,0.04247284576393918,0.055515930485155685,0.046918899348298335,0.03532404055032585,0.04001267197682839,0.039612599565532224,0.051710716871832006,0.055919623461259955,0.021828385228095583,0.0314572773352643,0.037912744388124545,0.034531136857349744,0.05738776249094859,0.016882693700217236,0.052994207096307026,0.020423606082548878,0.010362056480811007,0.017490948587979723
T:TCA,0.036816396031315694,0.10176769118080725,0.08072686281784196,0.06149819734977122,0.039918714268047904,0.041048343369196084,0.053086622337642574,0.0451233317161801,0.03398043244580159,0.04019695975190967,0.03833366627664735,0.05510092938747943,0.05501412630918067,0.019374922709587815,0.03121700293941383,0.03771058664611931,0.03759405648621139,0.060942895465312064,0.015584125262787402,0.06163969825823083,0.02199685130751596,0.009718377519667438,0.019555663365771525
T:TCC,0.035980476074475194,0.10346607784986513,0.0681795325074701,0.055746886251231975,0.03175766731999705,0.03754824550621185,0.04969706180118046,0.04591564215970017,0.03449092749820651,0.04036419630305888,0.03630788622664828,0.05777168896706008,0.05428527369477328,0.016164898502852826,0.030581002165600255,0.03737951194655951,0.04391877546368206,0.07051610120437768,0.013056178218397099,0.07753586426223207,0.02459263695913072,0.009740731387347441,0.023562356548538277
T:TCG,0.036334771270104926,0.09488342101074576,0.06659674239981717,0.051916727544311446,0.031690385141229335,0.03744077183330816,0.04595003815906002,0.04774983981357157,0.037836646573642906,0.04181579989144053,0.036420476110795956,0.05466744481220437,0.049219065653989154,0.01748378750096928,0.031033314695931468,0.034816571235006755,0.047778408093801905,0.06960457418978316,0.01382704763148551,0.084962065405037,0.028417276463410156,0.010864108853310043,0.027348006546217357
T:TCT,0.03763673007021652,0.10294833369052156,0.0798489885590675,0.06025255143246556,0.03924882787715118,0.04074268406366889,0.05383055342356999,0.04576478574512807,0.034453707877742386,0.039698568326237076,0.03850137191951546,0.054635018733906734,0.056556445065682165,0.01948664133621477,0.031737317794413716,0.038734687974088196,0.03627061706289926,0.062183479323024496,0.015493875189635277,0.06016598167466029,0.02129721614884931,0.009650416537779781,0.018931328011756596
T:TTA,0.036452992022162144,0.0954467532121595,0.10170839509038569,0.06634943043983706,0.054982961712847306,0.04640768977569585,0.060011682309672534,0.048711806553128824,0.03827573675608517,0.03757175392565561,0.0416491463732517,0.046586539467750925,0.05730610505326486,0.02583807253306341,0.03264767942524559,0.03901587005618544,0.02687692287202163,0.047617779181515316,0.019513642996988094,0.03532471683717638,0.016971694182247837,0.009929963221653751,0.01172036279850299
T:TTC,0.037404544623792016,0.10124541808518246,0.08334345545340098,0.06128555844020211,0.04190557708003891,0.04177730049301347,0.05485470122339538,0.046671109047586076,0.035219301880216915,0.03972828067371317,0.039469457117591034,0.0521665688510391,0.05605686853012059,0.021085038295669586,0.031903408865160875,0.03810836306587854,0.0348651222771024,0.058741595329370004,0.016235502191486294,0.05750537229157609,0.020724047546341336,0.009835295132641397,0.01772033206608174
T:TTG,0.037645296534641035,0.09981003707206039,0.08592963282202343,0.062386503426864276,0.04319355297622535,0.04228976459660075,0.05510598592433283,0.04609041789054676,0.035041326002605365,0.040013556825694366,0.03930224189728612,0.053686145537823825,0.05677827337366907,0.021103737611264998,0.03159633017286347,0.03807626969714721,0.03476516844216452,0.05811442965095358,0.01659874306467945,0.051778147847505236,0.020943343068584707,0.009657146204507226,0.017986504542652396
T:TTT,0.03669336424799482,0.09467837534047281,0.0974650803835223,0.06509430274694945,0.05259941520189073,0.04572179283426875,0.05923583456715502,0.04934746484204063,0.037735399353042064,0.03889469915884028,0.042119955115267387,0.047092741124349205,0.05723947453973605,0.025585632309380508,0.03244037375978279,0.038551485400544754,0.028410472214462835,0.049726906719267355,0.01924666486797234,0.03842087349808229,0.01815410107073159,0.010196308736029532,0.012519675205380066
U:ACA,0.03787469255111397,0.10181151831147378,0.0760729825019096,0.0573858597970367,0.04465644115607052,0.05465534995553671,0.048271199706002986,0.04999328974384381,0.03346975430428441,0.039409898819371195,0.04223824043286796,0.05778345815245953,0.05368079499603029,0.020019139908213728,0.030236288814441976,0.03318880152316543,0.04114954840603196,0.048538355698763434,0.018427492233035282,0.056806394685978825,0.023171078921392172,0.009606327457991915,0.018624410030515987
U:ACC,0.03768589916540088,0.1027560105595645,0.06845382277401726,0.05285297550461273,0.035816659486838556,0.04781020211340352,0.045678613006271046,0.04873736884391849,0.029684241594011278,0.041170972824474815,0.03847741931637105,0.06254648876592915,0.050591702304948416,0.016033127577843996,0.028251754089148123,0.03212886126932405,0.05142943173026901,0.05852181003218252,0.014950936184992122,0.07410626046230143,0.026157430525846636,0.010006543829496721,0.02355629556644372
U:ACG,0.03478146738417115,0.09556650638157398,0.0655538188022766,0.04790654941593385,0.03577579178051681,0.04900030625191407,0.04384970587884356,0.048785532182303415,0.02981382270002824,0.041077529461831866,0.038472399543406234,0.05934525727149431,0.04711904449402809,0.016843855274095463,0.028028016084191434,0.0298456410807113,0.057762292832512024,0.0599895794803263,0.0157819168187983,0.0854124656460921,0.028167221499679828,0.013045536080055046,0.025963798637377848
U:ACT,0.04004463911020203,0.10369889117196315,0.07638541333142675,0.05730032857618025,0.04456605873338079,0.055946544976390386,0.049542884320667974,0.04966101009975411,0.03300061238890737,0.03885405559993907,0.041471474178637266,0.05746508295227408,0.05439692126916824,0.02012179389538408,0.031151011374269098,0.03353373268136193,0.04012701629824894,0.048255935043255795,0.018174272827029665,0.05346745790214834,0.022389497996524614,0.009279090804529813,0.01824110714940735
U:ATA,0.04183685781481489,0.10164194485707899,0.0869136935550549,0.061751447407720955,0.055142921004274474,0.06545823533949549,0.0529651336441444,0.0495807610981112,0.039949837704402455,0.03507009073124996,0.04549023951704945,0.051505363370051765,0.059429265426982805,0.02702157413872565,0.03487228988110191,0.031956705349919595,0.02617894251709494,0.036114479220031685,0.022050838774505054,0.03416020682056892,0.017552847442138305,0.008357085918755279,0.010517071202372028
U:ATC,0.041186549945711186,0.10304187024972855,0.0767525108577633,0.058375746471226925,0.04426744028230185,0.055488260043431055,0.049497828447339846,0.047514590119435395,0.03302117263843648,0.03864176167209555,0.042579397394136805,0.05761739956568947,0.05462303203040174,0.020095344733984798,0.03104302388707926,0.03343851791530945,0.040144883279044516,0.048585097719869706,0.01786102062975027,0.05261434581976113,0.02329668838219327,0.009191775244299673,0.017935667752442996
U:ATG,0.04040404040404041,0.10289044494355631,0.07602915133632533,0.059358280919913894,0.04457709610305726,0.053965470533048815,0.04891696726813651,0.04744231854814494,0.0334605134446593,0.03907752381791225,0.041663830803743605,0.05799306314565926,0.054529974070203956,0.020057891639342292,0.030707390992765548,0.032730528965170265,0.03990626305331022,0.048499261341116276,0.01816954056351599,0.05602063707493751,0.023145979547089336,0.009006700643640795,0.01839107150244685
U:ATT,0.0411159719403856,0.10096579494297231,0.08699953638376448,0.06074094829018044,0.054339866807821685,0.06533667059994251,0.052804589367445476,0.049774474532159226,0.03921528980347582,0.03600897191294414,0.046303852058759386,0.05033196944465707,0.059119013609519586,0.026277363828979047,0.03365478355187808,0.031911528734818735,0.027746204051803697,0.037190398955491394,0.021999384733593978,0.035770664502161376,0.018443549307247578,0.008918474312627548,0.011187449720747044
U:CCA,0.038320771493586175,0.10414757933171077,0.06750182707429651,0.053502141804135706,0.03534628488456849,0.046847440020312624,0.045346197995962574,0.04813435681674903,0.029459099119625336,0.041314566681695176,0.03818078429517411,0.0637598244463989,0.05028243624065827,0.014973803085317853,0.028472430728058936,0.03313255629174877,0.05172864881459806,0.05885061821243106,0.014539360055763176,0.07313027787941599,0.02661397999051949,0.009672632695796232,0.02445528084811003
U:CCC,0.034565220408394215,0.10276152378634194,0.06086092241534847,0.046583032007285204,0.027440153817739645,0.038409596313840284,0.04239169076741259,0.04699084972344194,0.02674942590581973,0.04330447649336549,0.035208974551960995,0.06647322014790331,0.04763353628136433,0.012425629315047726,0.026794264502884083,0.031488438581264086,0.06295659303528477,0.0683596439815393,0.011889701321564269,0.0986438459559322,0.028236572708454102,0.010033169885971178,0.028316641631783306
U:CCG,0.03126457697334694,0.09659943747315528,0.06141841744295063,0.04336259889249641,0.030077636094087003,0.04305316294342864,0.04262364737233458,0.047586168674921374,0.02872443112279065,0.04310396586043977,0.03713231388813198,0.06168397814550879,0.04483588348581906,0.014370297843647096,0.027017914955916923,0.02922091417539938,0.06430725604208329,0.06605533823196612,0.01491758381326695,0.10097079755961261,0.02961348217048535,0.01151378837352152,0.029100834553373083
U:CCT,0.03743139945119561,0.10444825558604469,0.0673814190513524,0.05169541356330851,0.033650529204233635,0.04498137985103881,0.045387103096824775,0.04714033712269698,0.028970991767934145,0.04196491571932576,0.037729321834574676,0.06272834182673462,0.049907879263034104,0.014962759702077617,0.028439827518620148,0.03361328890631125,0.05388573108584869,0.06069286554292434,0.013899451195609565,0.07731967855742845,0.02685907487259898,0.009844178753430027,0.024735397883183064
U:CTA,0.041640604738439946,0.10500541579581688,0.07940116045502855,0.058523648975067,0.04571897867752877,0.058709260756584135,0.049901600329524474,0.048968456167650665,0.03382965415185586,0.03731305333923223,0.042474586441695016,0.0569116233657264,0.05605984327246284,0.02157419131743683,0.03285328532853286,0.03385508042329657,0.036397707567366905,0.04695723809669102,0.018538294507416845,0.04710725309819117,0.020892767242825978,0.008563568221228902,0.01572614888607505
U:CTC,0.03732081643721848,0.10402604226253279,0.06736941792619523,0.05138431616815183,0.03495324172355202,0.04677734416379591,0.046377981449231144,0.04744683285240317,0.029053902313973246,0.04095745357011199,0.037781619569408606,0.06219041444739641,0.05046588785640739,0.014963919644408286,0.028783776339930765,0.03425938873140368,0.05288642844733709,0.05878364922182533,0.014462862445498112,0.07680158134923157,0.02653802314396973,0.009877076792047492,0.024488243693882653
U:CTG,0.03665598258898965,0.10510197453623699,0.06822466554453112,0.052816819523554825,0.03503212039514782,0.046953273666087425,0.04559805040307868,0.04785942886561398,0.029800477455580354,0.04177054706914927,0.03823573988373949,0.06329373782604547,0.049836130252191815,0.0154479413837872,0.028581578426128705,0.033846099563201115,0.05216085938796834,0.0594068933551559,0.01472542294593461,0.07108587063471761,0.02648940239465545,0.010189033597508314,0.02465062905614714
U:CTT,0.0396303470873971,0.10351128981966057,0.07698132722604954,0.057244921129340494,0.04425535428511208,0.05427131419954347,0.04989836283219492,0.04806769871940428,0.0333952246284621,0.03956190089208208,0.04258222506630046,0.05617368385028318,0.05423872077320299,0.02027637052641643,0.031319023370573136,0.034073167896344216,0.04010403821687883,0.04905202019488696,0.017780800516279872,0.05354230789706127,0.02347378565041812,0.009364091387621669,0.01836204995268521
U:GCA,0.03717562979818595,0.10355527094703756,0.06935784659981083,0.05421873739731485,0.037241622040431244,0.046992586871454446,0.04587560706752473,0.04734210133964252,0.031141005868421244,0.041410132008926064,0.03911140223738143,0.06276962108232166,0.0502066534845126,0.016597048924693075,0.029043919059292808,0.03308655493609751,0.05050972896741694,0.057906970491691086,0.015470292492282574,0.06809299529010923,0.026299130613312346,0.010128587106093528,0.024217930825465184
U:GCC,0.03537768201573159,0.10188397699480409,0.06298436320283896,0.04846169202167583,0.029875081830824598,0.04163307002488103,0.04276280938185525,0.04692377437777904,0.02781077033056865,0.04316652670389342,0.03650519089026361,0.0652349199870186,0.04627804971076219,0.01302601746244704,0.027874339080171347,0.032233817013450926,0.06093454983845731,0.06533194597325429,0.013174344544853328,0.08943342400244461,0.02888920859137227,0.010304828882963241,0.028121922631255528
U:GCG,0.03062768924733508,0.0951182728275206,0.06241216026292461,0.043017146316677114,0.030608769919349608,0.04700912452161128,0.04327661138619213,0.04785238599753508,0.0291844147981578,0.0413900841099267,0.03758459642370646,0.060179679560639146,0.04234145603148176,0.014627343293909058,0.026497870224221065,0.029343877705463903,0.0632419079331445,0.06342299292957686,0.015740880883911002,0.1041806309325607,0.029576315163571103,0.011575925965966832,0.029868213366775496
U:GCT,0.036674495376681396,0.10463528456696128,0.0678446489867647,0.052633801726383066,0.03552599780858687,0.04740749256820011,0.04536506737304937,0.047599886440689895,0.029967691907022143,0.04097989484032482,0.0385409505665061,0.06299022310650408,0.0498370517750681,0.015694178208343793,0.029144152282096342,0.03399623189561929,0.05190645903770216,0.05987086147875807,0.014972701186507089,0.07055576020215434,0.026972682416373187,0.010029117170214614,0.024885678153206525
U:GTA,0.03982821172607944,0.10240398556101749,0.07919521623084107,0.05902995792054906,0.047015738125626455,0.05816234037549574,0.05015057730814807,0.04968480367869839,0.03484169404608876,0.03824366810432416,0.042531525340140326,0.05577182571846724,0.056189652062532396,0.02189592699226679,0.03185982953598444,0.03312472458850955,0.036088323466086425,0.045839888031672604,0.018731406156888085,0.04947474890463285,0.021204116160290058,0.009116833835257694,0.01614681915425555
U:GTC,0.03701142260850077,0.10238677190500536,0.06878252221840923,0.05233319559903913,0.03723028006751315,0.049477543473845656,0.046383774433246726,0.04733274037552438,0.029846904830271664,0.04151288282546731,0.03922626009370601,0.06088964681658694,0.05035822588891146,0.016580641094777537,0.0283831861443969,0.03234363072268484,0.05112160070594662,0.05731439136616078,0.015948580753149796,0.072704447883911,0.026357441503778355,0.010604957033903647,0.023741657153662447
U:GTG,0.03672441464358439,0.10141018402806412,0.06737672784019183,0.05316958366901592,0.03685001807928241,0.0474882484664328,0.04481885827745672,0.04990643178401284,0.029761670652566942,0.040836341260728624,0.03848666890807478,0.0630744929871415,0.049497903437601104,0.015672517587652802,0.028222711384873034,0.032003501671540674,0.05222184865420359,0.05745025025533022,0.015201821884178408,0.0770507298320847,0.02615850138607832,0.010304556613528379,0.02393823863384061
U:GTT,0.0397348431565621,0.10186383457588971,0.07964903643269096,0.057392038261358844,0.046613447742298496,0.05791074694049796,0.04992263328175552,0.050625967083978055,0.03458995639330426,0.038335208890139263,0.04320755380503587,0.054828386552257705,0.05509565339710226,0.02201434800956534,0.031372204248136165,0.033341538894359264,0.03806970037980025,0.04603847235898157,0.019603671402447603,0.04793044028696019,0.022214798143198763,0.00965853143902096,0.016677802785201857
U:TCA,0.040163768891894686,0.10350386526521449,0.07560749945989612,0.05719582758005279,0.043189524802509836,0.054289833835864776,0.04893223809657997,0.04865396718046985,0.032326391824236106,0.0391434421994909,0.041448276833770115,0.05782399188435201,0.05377673514244653,0.019603422849682042,0.03043720235579226,0.03295573026742187,0.04191206169395365,0.04960736795634082,0.0176390884924996,0.05737781910746658,0.02336184142549854,0.009552793980894411,0.018497384018560787
U:TCC,0.0373834522303809,0.10412072422343212,0.06829922435731375,0.05213546644142624,0.03601851267303929,0.04740171673259158,0.046391617921416925,0.04759219872823335,0.030021050981689782,0.04112560709333182,0.03863519105888397,0.060991246535948854,0.05100890149577347,0.015815447980999695,0.028532026010044387,0.033455169245974296,0.05127666475821848,0.05814163588114794,0.015014335130757726,0.0742139624391274,0.02639100837903087,0.009857171157325068,0.023982227485572348
U:TCG,0.0366231371220062,0.0945920385855131,0.0661494085288485,0.04901605365403863,0.036855627448044326,0.050671069534310054,0.04550505567946283,0.047333454175762686,0.03007006233893149,0.04020506434859363,0.039436664118467614,0.0589658515056704,0.04820430776990551,0.016297965906672866,0.028545083420681395,0.03099608312908336,0.0553445191390765,0.05942295112974536,0.01624279871066382,0.08211637125946708,0.02847415416866976,0.011202881303837273,0.02560940049019994
U:TCT,0.039109084172754646,0.10444987114430813,0.07602997557985061,0.056301442487784806,0.04271888580253863,0.05422378518456352,0.04990676129048106,0.04786185523538936,0.03271849688146709,0.03955634340502445,0.041714855352065684,0.05765038452012257,0.05397610387058344,0.019260804329715,0.031100380528564207,0.03478182551363168,0.04149583138019901,0.04955059146707169,0.017270142529337954,0.0558930753626689,0.023308653903232345,0.009564387930346283,0.01889235278825704
U:TTA,0.04008856453799079,0.1002814269305629,0.08880460033313267,0.0608317975498868,0.05515893973696554,0.06647695586176841,0.053103636759823165,0.04951008815827864,0.0398817415968947,0.03585608077913156,0.04639297097461618,0.04883422033291107,0.05892607187835856,0.027908170614153335,0.03482196607365113,0.032437962350838186,0.027115964884419214,0.03633620546381891,0.022778223021609305,0.03286453466684887,0.017675974930104924,0.009144528609891307,0.010581209397148059
U:TTC,0.03943522839150809,0.10306927159357483,0.07816769668166845,0.05707826382895968,0.04524515388346779,0.05630810063613049,0.05030922549428013,0.04917552759493615,0.03421204128605099,0.03886727447312329,0.04278328359132511,0.05487053634076351,0.05473241525166215,0.020844129798464756,0.03124962016700497,0.03359657371301532,0.0387059490410529,0.04726614165919892,0.01842424831740889,0.0530849069008611,0.022707107048263928,0.009565714146803933,0.01731375476103394
U:TTG,0.04103371910175297,0.10281723429864241,0.07838553798778347,0.05830927688572721,0.04627444979841767,0.05593755934417092,0.04972136417476935,0.049136631969823444,0.03404289038047213,0.038868297268016376,0.04338221129872028,0.05671219289605019,0.055314573630490235,0.020943796032291427,0.031086440633969935,0.033306510337327636,0.03827946647284889,0.04711329459710175,0.018659515082128916,0.04821444916996717,0.023028612258336873,0.00909750409517473,0.017350698604703268
U:TTT,0.03919024230783471,0.0993351050620692,0.08776468697201445,0.06052684096793099,0.0538553160440783,0.06413531600795742,0.05266332729211761,0.04945489090142343,0.03827728728644664,0.03747179185709139,0.04701582906881297,0.048794781978936115,0.058064300568994025,0.026769177699335286,0.033931946472480864,0.03263430417205093,0.02999657754744702,0.03775624371835473,0.021917241665786222,0.03560614885591655,0.01920907934220281,0.009616278954264656,0.012373204454064637
