,,X,Y,1,2,3,4,5,6,7,8,9,10,11,12,13,14,15,16,17,18,19
B:ACA, 0.028302024312391264, 0.0, 0.044927499483635655, 0.05023294917887545, 0.07562995027010283, 0.04635961661189236, 0.058862880587473417, 0.0581335791848791, 0.10895526766055728, 0.10373721691590557, 0.05256355715923106, 0.07044341896426429, 0.05835054763273102, 0.02297674389731774, 0.028638407149917933, 0.045571770774478604, 0.021113097610170634, 0.06263723766327073, 0.028394004034649173, 0.01991494307940134, 0.014255287828854452
B:ACC, 0.02713947593950804, 0.0, 0.04360170669374091, 0.0533416160867168, 0.06776305970763272, 0.04578165507332179, 0.0578983238017041, 0.053576974483994, 0.11249186990215775, 0.11775411032528257, 0.054315091452056624, 0.06672978326297693, 0.060852277850661204, 0.022963679257185968, 0.025859742603030682, 0.04088979220336512, 0.022269161529423574, 0.0565126771406211, 0.033572788163581065, 0.02008256125018007, 0.016603653272858957
B:ACG, 0.019807147480123275, 0.0, 0.044931948671395196, 0.05393245201591197, 0.07580328688923457, 0.04463071820169649, 0.0604360786483646, 0.05350533996584206, 0.1010347739511769, 0.1285552853789964, 0.05151826085441656, 0.06483979617982602, 0.059184032183756716, 0.02375052037054154, 0.025204344228436256, 0.035491580232956274, 0.022539161743371495, 0.05982432574637803, 0.03844105837550836, 0.01823573493551207, 0.018334153946555132
B:ACT, 0.029718294524405012, 0.0, 0.045484854433929016, 0.05314994968144812, 0.07841549862105969, 0.04668716301601065, 0.05603063983725176, 0.05977621528913421, 0.10594452695725909, 0.09784541014136511, 0.05456484076319618, 0.06781174130016657, 0.057590639665789416, 0.024383267547313466, 0.029124028393547035, 0.044854676590370644, 0.021764939793036665, 0.06203716754893944, 0.02984900307813195, 0.020551096736644122, 0.014416046081001554
B:ATA, 0.03880823227737907, 0.0, 0.050747449982053154, 0.05018239009818402, 0.08208250454474987, 0.0492052116012765, 0.05622502207875428, 0.06300590429668569, 0.1036521449409212, 0.07077743107593755, 0.05094256989238042, 0.07828113497423411, 0.05495287898385388, 0.024192173525069076, 0.034977834497927116, 0.04833255561531616, 0.020513304632119554, 0.06395669240648812, 0.025209204527640045, 0.022658160205569697, 0.011297199843460413
B:ATC, 0.03261885595643689, 0.0, 0.04563075396359554, 0.051006326636074344, 0.07379292756067354, 0.04622412835341846, 0.057590048816387365, 0.059049391437584496, 0.11082152768629554, 0.09250988102255121, 0.052493861793002215, 0.07385700694537942, 0.059140818229737185, 0.022779451556328434, 0.02850633949394208, 0.04732894487624812, 0.02157373296323348, 0.05974909585502481, 0.028334225067304267, 0.022474302284842703, 0.014518379501939797
B:ATG, 0.032856200116716125, 0.0, 0.04574571135590784, 0.049634240793596546, 0.07457998858524105, 0.045686743669534235, 0.058307506614310486, 0.06013203777568829, 0.1093335570577757, 0.09343397139765676, 0.05194568294785569, 0.07391933113592832, 0.057984573590796895, 0.024038399286514293, 0.028933359429301524, 0.046644076183802285, 0.022159825581055594, 0.06149525464902799, 0.028133138059475826, 0.021234152537492508, 0.013802249232322154
B:ATT, 0.038049650403481475, 0.0, 0.049052008818534665, 0.05091752046858874, 0.08213816048903623, 0.048494960586026245, 0.056074257647109535, 0.06518451068024331, 0.1025873820143617, 0.07174044636903137, 0.05139493515053146, 0.075897672250139, 0.05642317342980099, 0.024504031015567456, 0.03364172963204381, 0.04933447757967678, 0.020048575150185845, 0.06352482143079151, 0.02561122202190663, 0.023171732532166745, 0.012208732330776802
B:CCA, 0.027420639002029255, 0.0, 0.042271942396852176, 0.05336587609132547, 0.06625681139544183, 0.04518096431306828, 0.05891204048112922, 0.053711849337154983, 0.113552293440415, 0.11884294363136239, 0.054761178611045166, 0.06773228798472433, 0.060620948249885676, 0.023112609649675795, 0.024867306599908292, 0.04139841713683985, 0.022457660638007245, 0.05638597304630071, 0.03209662589585478, 0.02023972431027856, 0.01681190778870106
B:CCC, 0.02487194295157614, 0.0, 0.04119239486385155, 0.05631098284425445, 0.06252368191962225, 0.04448080221233343, 0.059549907504642376, 0.05079103156071857, 0.11410268368100887, 0.1281481051352362, 0.05486293079949899, 0.06913980241197056, 0.062206362905264344, 0.02208537507370508, 0.022392802456044802, 0.03754892955974113, 0.02267954426263942, 0.05419831158725386, 0.035499383154259115, 0.019821384576105862, 0.017593640540272872
B:CCG, 0.016584409395904342, 0.0, 0.047098304980857694, 0.06639256707305219, 0.06435340309650718, 0.045454144888073235, 0.05961089310829478, 0.04715181885327082, 0.10204172313387488, 0.13818768418436472, 0.050874114676692866, 0.05933657909019333, 0.06735023331914362, 0.02408486702806649, 0.024191713090126625, 0.03215899863779539, 0.024354563274524864, 0.05118489203368374, 0.04106413400837355, 0.017288214519786377, 0.021236741607413078
B:CCT, 0.02695447407913798, 0.0, 0.04192571532816775, 0.054047518060441564, 0.0669705552737113, 0.04480080014493284, 0.05861522993252617, 0.05507385111565379, 0.11098726977628663, 0.11922852432928949, 0.055406666368383435, 0.06711400326672518, 0.060524492167477496, 0.02262673083821364, 0.024470905387568725, 0.04166680817969772, 0.02313237521242167, 0.05681007856704491, 0.032721332414704304, 0.02028624877166928, 0.01663642078594601
B:CTA, 0.033521145910536, 0.0, 0.04522654060554494, 0.05207206603358098, 0.07684028851481135, 0.046575170706356396, 0.05543127829976223, 0.06067726574077421, 0.10487053409313628, 0.0917205871222024, 0.053799304355158076, 0.07283554672610673, 0.05780639785424954, 0.02351415778143779, 0.028980859358588667, 0.046909049179525465, 0.02182109389539518, 0.06332211395020437, 0.028792912929383584, 0.021398210562426932, 0.013885476380818756
B:CTC, 0.026118619423224285, 0.0, 0.042782171691490636, 0.05259685266215941, 0.0685530477566734, 0.04486422171704888, 0.05864077878619412, 0.05569425716504557, 0.11170733832523366, 0.11619957407149728, 0.0548501927326602, 0.06830748183036678, 0.06270615544302302, 0.022711297429537487, 0.02466346591991458, 0.0406849631074621, 0.023040421932270908, 0.05738219215416479, 0.032198334150872206, 0.020658561198685508, 0.015640072502475177
B:CTG, 0.02424111351289669, 0.0, 0.042240144332049416, 0.05438007793884561, 0.06942556069513128, 0.04463993611113698, 0.0593317227570755, 0.05460661899856258, 0.10943092954095053, 0.12369170581183134, 0.05501623914967444, 0.0649989212898331, 0.05933395449290622, 0.022711155389383387, 0.025092075326171016, 0.04134786996972122, 0.022383872197223372, 0.058027326828806444, 0.03302981798180626, 0.019375570425781016, 0.01669538725021377
B:CTT, 0.031124537203278957, 0.0, 0.046199302468536714, 0.05225029777922172, 0.0750600191139439, 0.046676276360581484, 0.055758715061114114, 0.060815038960813146, 0.10604948947846586, 0.0971161925005123, 0.054712094084220446, 0.06985757992473168, 0.059176444387306106, 0.023583533481571245, 0.028707328795586965, 0.04479929298652413, 0.02218764253893778, 0.06105354326289731, 0.028501081308415815, 0.02160967397402803, 0.014761916329312228
B:GCA, 0.02580969584751411, 0.0, 0.04264639497078425, 0.05343209590350388, 0.07187504371692965, 0.04359354316735793, 0.060028396182901615, 0.05636243757670772, 0.10610313998865047, 0.11849179376067845, 0.05428119009256673, 0.0665088018008182, 0.05893766861163231, 0.02305041676160119, 0.026139598138675436, 0.04231730659669619, 0.022743043854417763, 0.05947806124148148, 0.03294724681284412, 0.019515074852312967, 0.015739050121925644
B:GCC, 0.023586907726248687, 0.0, 0.041060726254920674, 0.05854318077446326, 0.06335713992893223, 0.0446357923951884, 0.060695814495744224, 0.05107957450063281, 0.10814735495241264, 0.133724026236608, 0.05539495725244385, 0.06314117440802956, 0.06181815400021073, 0.02316059555316659, 0.02305059943507902, 0.039064159798388204, 0.023482980638820816, 0.054058473258978154, 0.03463090514931412, 0.01856115239266311, 0.018806330847754994
B:GCG, 0.017439258581057732, 0.0, 0.046873441940525756, 0.06930387924275044, 0.06607126932727725, 0.04497801548300708, 0.059046073109970246, 0.04760899390820607, 0.09895365243392203, 0.1407168405895239, 0.04994610485188435, 0.05811253974682886, 0.06612152218192274, 0.02460034789419941, 0.02408812114646068, 0.03235136823207538, 0.023621707968937304, 0.051644273157151796, 0.04202490499879392, 0.01631467966759814, 0.020183005537906962
B:GCT, 0.025000949023511645, 0.0, 0.04329534113427666, 0.05421308599113069, 0.07060118806640937, 0.043995684537548055, 0.058982922273218996, 0.05542909052816455, 0.1059486124992491, 0.12098823286991525, 0.05563205014497489, 0.06617332682235502, 0.05984720396499758, 0.02300415062548739, 0.0255331054523928, 0.04159535866876659, 0.02274361616195419, 0.05835717436856712, 0.03265930753031223, 0.019857143368343204, 0.016142455968424365
B:GTA, 0.03216339835244183, 0.0, 0.04696398098484349, 0.052654181919879174, 0.08023219094239288, 0.047820180483908827, 0.056536525747755126, 0.060329409937499454, 0.10350804038598288, 0.09111636880395989, 0.05340590025829442, 0.07038060549891557, 0.05762001819775243, 0.023904348723129618, 0.0314867416406599, 0.04626323127320151, 0.021389924126503337, 0.061086808466292525, 0.028555813990033166, 0.020962990533744195, 0.013619339732809712
B:GTC, 0.025805075626357542, 0.0, 0.04406514966692, 0.053192006577578346, 0.07026465064087074, 0.045259968998859784, 0.058083194009211046, 0.05517882738531663, 0.1120598222932009, 0.11666036484111109, 0.05370301318390003, 0.06679915633030463, 0.059047756478655275, 0.023388045941379314, 0.02560922173961579, 0.04120112544901779, 0.022005658655280372, 0.05913470684931819, 0.03230681615919058, 0.01981346322769836, 0.016421975946213543
B:GTG, 0.02464915994356781, 0.0, 0.042266166769366294, 0.050502281754494054, 0.07086029486191832, 0.044412611129483665, 0.06042263420673537, 0.05448003227475002, 0.11165841184864322, 0.12091254998887836, 0.053266713319540394, 0.06629574911400961, 0.060023406397121254, 0.022926097142814458, 0.025703037576214904, 0.042124173434834114, 0.021818266416613878, 0.060839713626657174, 0.03229437971106002, 0.01890888741414616, 0.015635433069150998
B:GTT, 0.03053319584793671, 0.0, 0.04677787783786047, 0.05264670172615129, 0.07837051269606625, 0.0480491145553823, 0.05561715598062988, 0.060051254564640486, 0.10527409216966979, 0.09331544418275306, 0.05372240251646535, 0.0709560891335656, 0.05789846526557801, 0.023737080526417622, 0.029792408817925897, 0.04549235493108344, 0.021407743374690875, 0.06200848153370395, 0.02889514088187907, 0.02093593081612986, 0.0145185526414702
B:TCA, 0.030565477418771452, 0.0, 0.045340183715390295, 0.051078516477996425, 0.07430018108419814, 0.04537242416796704, 0.05753564917909411, 0.059561738195793044, 0.10974014977944595, 0.09927716258525801, 0.05328312893168209, 0.06947599231661755, 0.05840936898157665, 0.024065615715367993, 0.02838101159673868, 0.045487381488083095, 0.02212434839681647, 0.060394194353034454, 0.02967332266024717, 0.021335045610333572, 0.014599107345587493
B:TCC, 0.027705550456250515, 0.0, 0.04299041500671689, 0.05299272790887523, 0.06790256005591101, 0.044798390234598646, 0.05801737039465509, 0.05606494875402113, 0.11304706126720257, 0.11236762108064989, 0.054466584725893524, 0.06956944357834992, 0.060938590976496086, 0.022821959489192415, 0.024972103545575185, 0.041852987262969335, 0.023007084681963226, 0.057486668303356074, 0.031752610804761994, 0.02111323487253097, 0.016132086600030016
B:TCG, 0.02188940237823709, 0.0, 0.046882997232973345, 0.06080383324866928, 0.07201700351270397, 0.0466759983857557, 0.05988568007241282, 0.048340191032700555, 0.1035561408829297, 0.12060278697881577, 0.05300254781337084, 0.06287314956030499, 0.06318440255027981, 0.02367730722454106, 0.025768575527485096, 0.03755660110725703, 0.022444942937825046, 0.05429899877681158, 0.03901340437932563, 0.01865243951402919, 0.01887359688357163
B:TCT, 0.030216104823277412, 0.0, 0.04509223087930825, 0.05101044386517179, 0.07281784314672334, 0.04660207668145046, 0.05662091588899963, 0.05972001696037964, 0.10942209183400523, 0.10031537755969712, 0.05346257842987913, 0.07166557550586418, 0.060935594133128046, 0.022631840858531857, 0.027493178526045985, 0.0440229404782817, 0.02194808741182637, 0.06111164689000206, 0.02874077635194172, 0.02155334122743331, 0.014617338548052595
B:TTA, 0.0350142065624586, 0.0, 0.049796365850490874, 0.05233226834047917, 0.08589998201689007, 0.050043702606084345, 0.05487109457268504, 0.06462622595669808, 0.09758360776286752, 0.07615479371692765, 0.05298790532155086, 0.07401417023364136, 0.055370514296753694, 0.024395494751057685, 0.033427095415454224, 0.047890021597307895, 0.019755049627808236, 0.06490062441296056, 0.02653345217980021, 0.021963695527023694, 0.012439729251060213
B:TTC, 0.032392240581436305, 0.0, 0.04632544968241767, 0.05139508016567058, 0.07495975854659698, 0.04660171187477965, 0.05571976421403121, 0.06187067246280733, 0.107317651508088, 0.09201477270709917, 0.053186510543213675, 0.07133755466512051, 0.059314128111203, 0.02369368080407697, 0.029233170706721618, 0.04551896629204838, 0.02224953748989916, 0.06198013066272766, 0.02846758745290313, 0.021909538382094983, 0.014512093147063901
B:TTG, 0.032438996186134016, 0.0, 0.04597385488116542, 0.05212502611997342, 0.07467124182559974, 0.04652809614137512, 0.05684125522672717, 0.05975073637903513, 0.10860449659947992, 0.09416339833597348, 0.053885681037661545, 0.07121634785689215, 0.058829002922184834, 0.023735072964858866, 0.029456169071775465, 0.04615993811807804, 0.021674629583288477, 0.05964209424294672, 0.027862434974476012, 0.02194037749612532, 0.014501150036249053
B:TTT, 0.03513340508836435, 0.0, 0.049334781081506254, 0.05220111530560699, 0.08213370024289873, 0.050028609296822076, 0.055839652054040206, 0.06271092081828242, 0.10075471408777355, 0.0810362037246787, 0.05331125243625876, 0.07273372911939247, 0.05719058977589255, 0.024071031958644903, 0.03274416935412468, 0.0475336790412193, 0.019781641643948647, 0.06275477055476637, 0.02576129564325255, 0.021627430720598955, 0.013317308051927528
N:ACA, 0.07234554064358081, 0.00024789843074501716, 0.07626954284987805, 0.0646931446466828, 0.06937247335614052, 0.0582035465684982, 0.05434880372032197, 0.05555575949015228, 0.05192442132023782, 0.04761909744234778, 0.04393482983713591, 0.049378218269624075, 0.04037379691749237, 0.04982248862215379, 0.04938220964583241, 0.04832788450809151, 0.03974907764893456, 0.03903574505728436, 0.034686025416469625, 0.03551306268314378, 0.01921643292525249
N:ACC, 0.07329379455026096, 0.00024361210632979776, 0.07486837226333366, 0.06501785698743907, 0.06672663971003392, 0.059224751774346565, 0.05475564343729581, 0.05511788281725485, 0.054516124937205916, 0.04722694844188701, 0.04484450366046415, 0.048307400889624375, 0.042128979643441374, 0.04998236886002586, 0.049506063676421914, 0.047136116980881056, 0.039920771084622976, 0.0373259394133334, 0.03533495658000277, 0.03482160786382297, 0.019699664321971587
N:ACG, 0.056493133334267066, 0.0002355972210527793, 0.0726314871410935, 0.06622441503737447, 0.06572834845452563, 0.059426989881158035, 0.057241107271129646, 0.05477183160004054, 0.05225188150366183, 0.04964517883154028, 0.04651450265953415, 0.051705122297490864, 0.044481675698467005, 0.04980081468122132, 0.05251018600356546, 0.04671221555373678, 0.04093202744768419, 0.038343254199437876, 0.036722117038413764, 0.035821464395076136, 0.02180664974952869
N:ACT, 0.07578800055846188, 0.00023798121516881973, 0.07617355821374058, 0.0644462200918943, 0.0701426255175708, 0.05826625123396565, 0.05334157812533897, 0.05565914267949397, 0.05194478242679767, 0.046950945878387176, 0.04354618730252003, 0.0489482651241425, 0.039653740055327596, 0.0497410253537834, 0.04900496129420916, 0.048458325068341704, 0.039890524590071905, 0.038902114254722994, 0.034246344342881936, 0.035464831877007844, 0.019192594796171174
N:ATA, 0.08479630805066732, 0.00026567706465528224, 0.07766404087523758, 0.06265187288147094, 0.0735860409836748, 0.05702243471588798, 0.05258230647779831, 0.055681888184225606, 0.04890356422141229, 0.04653807856132858, 0.04026929526093729, 0.05017526434226378, 0.03579146362934223, 0.04888052720318398, 0.047104705977623, 0.050118394785458674, 0.04014602273700086, 0.0412205347565021, 0.033651014762696066, 0.035056210600707176, 0.01789435392792617
N:ATC, 0.07964194711227825, 0.00025080005758856654, 0.07617049595767847, 0.06370879546826068, 0.0704282987015862, 0.058216083371605415, 0.053221829837165106, 0.055668601587434176, 0.05262690629511513, 0.04685362464295602, 0.04271108526532145, 0.049012006405192765, 0.03848920902402973, 0.049273055137167676, 0.048571459553246106, 0.04840030233328047, 0.039827539360914425, 0.03879778464191915, 0.034214464644052665, 0.035133941609262594, 0.01878176899394467
N:ATG, 0.07601449001903143, 0.0002441515736214092, 0.07641914443720355, 0.06426398226970616, 0.0702194621954783, 0.057733567023392364, 0.053610951827260576, 0.055496622044102446, 0.051755719479525925, 0.04745323581873159, 0.04296999054927607, 0.04925041312705016, 0.03893577939154572, 0.049937811641802596, 0.04901113980034024, 0.048706519717174865, 0.04008257606139298, 0.039557084442626275, 0.03409924388676613, 0.03541998565438667, 0.018818129039584398
N:ATT, 0.08349484849537915, 0.00025284081129417913, 0.07720774648645984, 0.06320309611488976, 0.07387181815372185, 0.057331637042764845, 0.05232821508702776, 0.05570578065011044, 0.0494746839509712, 0.04637375528808214, 0.04077765620478333, 0.049827773828546, 0.03604370773375722, 0.04889331559257778, 0.04760823772102978, 0.049950805635957225, 0.03985065179216092, 0.04085863194394547, 0.03363290866849354, 0.03525548104904046, 0.018056407749007086
N:CCA, 0.07387222358952897, 0.00023581007013730014, 0.07481756096334742, 0.0652042396748019, 0.06659693036908484, 0.059388082718289645, 0.05464884147075963, 0.05514509582786635, 0.05490035470606626, 0.04709900410569668, 0.04492464714108863, 0.04795899211157201, 0.042207112168558186, 0.049939978287031096, 0.0491310871694471, 0.04710182750275004, 0.03992433427490474, 0.03719055104840751, 0.03527138138047307, 0.034811127892781665, 0.019630817527407023
N:CCC, 0.06985615271768723, 0.0002150489942741361, 0.07367659954168829, 0.06583977794420941, 0.06403063073107298, 0.06016903309767786, 0.05646393124364734, 0.054768319827675785, 0.05565278469486928, 0.047420226392587764, 0.04598718974178978, 0.04770593706412682, 0.04445013082810042, 0.05057799696680787, 0.049229801594147436, 0.046250803648128294, 0.04047854677608884, 0.03632024838992587, 0.036148267373855215, 0.03439895057082746, 0.020359621860812038
N:CCG, 0.058276195390822856, 0.00021420324879833078, 0.07114229995485438, 0.06642582478611193, 0.06188111670972442, 0.06210539795905387, 0.059098140568469834, 0.05439126830211303, 0.054744350305429484, 0.04890381507795708, 0.04753725754582216, 0.04998816936124522, 0.04727565547179983, 0.05008873021609338, 0.051399331597660095, 0.04494378031049358, 0.04094872935428146, 0.0358979862500729, 0.03824277024720349, 0.03454844834087703, 0.02194652900111548
N:CCT, 0.07148736211367004, 0.00023043564070930923, 0.07469970436053135, 0.06522532998655059, 0.06600080028431671, 0.05955319959317565, 0.05474113104311025, 0.055247618159404516, 0.054779746641137335, 0.04728889495205822, 0.04544930910999135, 0.04795302812674947, 0.04297093991333795, 0.05039576507396079, 0.049433690819721016, 0.047151747700146074, 0.040082380257686796, 0.03720688669635007, 0.03540327777943356, 0.03480566894809365, 0.019893082799865267
N:CTA, 0.07948982504995568, 0.00024755715065921235, 0.07661165380243666, 0.06388065320548716, 0.07057747974840786, 0.058089586169487124, 0.052816343909791466, 0.055573052199332625, 0.051413321454088876, 0.04675459266340534, 0.04288689899736563, 0.04911183042916275, 0.038763439777571934, 0.0495003325138091, 0.0484524090030644, 0.04853669563245588, 0.0398426056049811, 0.03909553429979032, 0.03406680728972756, 0.035366043801852744, 0.018923337297166404
N:CTC, 0.06884714399557877, 0.00022153294300799423, 0.07505245107257327, 0.06543025403457103, 0.0663995873149504, 0.059510221526803686, 0.055005307052729914, 0.05540635038924219, 0.05411014432278243, 0.04766839623080251, 0.04568186885312236, 0.04842320992087233, 0.04306332536387291, 0.05038116500191767, 0.049485918277857525, 0.04725749601927023, 0.040170223989791885, 0.0375851774506632, 0.03524401096497217, 0.03503943886015028, 0.02001677641446746
N:CTG, 0.06909412657473057, 0.0002222682281526863, 0.07465630988879637, 0.06567771722357724, 0.066236872494326, 0.05968922926423672, 0.05500226191241252, 0.055203749045540304, 0.05470330978930387, 0.047317446307508663, 0.04577224791618809, 0.04794063302655954, 0.04334597712934694, 0.05059338996881937, 0.04959290046034182, 0.047180111083110925, 0.040080761825738116, 0.0372122813599849, 0.035540581372685606, 0.0350402227007808, 0.01989760242785885
N:CTT, 0.07566422627390969, 0.00023563210756052347, 0.07634099809285393, 0.06446350030564703, 0.06994671473373303, 0.05836725196344643, 0.053014150035124954, 0.05561748201309138, 0.05190705971804627, 0.04718414113450103, 0.04363579730891526, 0.04910860941762796, 0.03983019109527183, 0.049502666356494904, 0.04929776652418625, 0.04825977765509747, 0.039842563896915775, 0.038688712086935806, 0.03425066868440281, 0.03552371920859562, 0.019318371387641975
N:GCA, 0.06941354098428325, 0.00021547774556834314, 0.07516762041108582, 0.06549996417864307, 0.06744250022074044, 0.05886198159402927, 0.05470839184353235, 0.05531823669373224, 0.053454300572858236, 0.04777104353077612, 0.045255133187261015, 0.04837489605844781, 0.04231917476552173, 0.050524509072866805, 0.04977109247827362, 0.04762518131745384, 0.0400500443592102, 0.03814670848035383, 0.03493689404797875, 0.035382001177368026, 0.019761307280015322
N:GCC, 0.06698114640582688, 0.00021231275326721386, 0.0734349615647759, 0.06649405128430369, 0.06348400596818289, 0.0606390577164326, 0.056107534077923425, 0.054834627643636676, 0.055748460108294456, 0.04748262128665606, 0.04687393029336892, 0.047597513709317675, 0.04574924442434431, 0.05063994998147726, 0.049541616483709944, 0.04606786747028551, 0.040329004058768395, 0.036331752790390685, 0.036295194998672335, 0.03460140122529477, 0.020553745755070428
N:GCG, 0.054772481502384764, 0.00019727404593010203, 0.07080816838989637, 0.06694036800759594, 0.06144281356781811, 0.062181683822027295, 0.05995675698548296, 0.054388460510828886, 0.0542722055713731, 0.0490290550313128, 0.04784107503034022, 0.05033755188488623, 0.048473667912376076, 0.049949746572926855, 0.05149885577922838, 0.044867804179588626, 0.041080836023869145, 0.03633416359917125, 0.03851348552719958, 0.03460702568785289, 0.022506520367910524
N:GCT, 0.06821030950270988, 0.00020668560761247305, 0.07511912863929486, 0.06587030397795432, 0.06662840530480159, 0.059476419511467725, 0.054804141607899294, 0.055024047027331185, 0.053552125237927996, 0.04765394985979557, 0.045885890425354604, 0.04833165404823475, 0.043270162635006375, 0.050586113851093406, 0.0498590072740865, 0.047153433421230274, 0.040171268769241354, 0.037558850988056086, 0.03523338328805792, 0.035348249234811314, 0.020056469788032546
N:GTA, 0.07894124196365564, 0.0002611311814455856, 0.0765771986135175, 0.06370921057730139, 0.07099243437195277, 0.05774528826758813, 0.05321847046822184, 0.05557979370000765, 0.05103666946639803, 0.04687142777581228, 0.04239703162996278, 0.049530142898527973, 0.03839143548160269, 0.049425845932987524, 0.048631849139374385, 0.04899262678360809, 0.03986608988169555, 0.039576778428092645, 0.034189210645704696, 0.03528815245375986, 0.018777970338783034
N:GTC, 0.07012853802025257, 0.00022789626570912175, 0.07499528020003467, 0.06531106393759412, 0.06711166095435049, 0.05917314949021326, 0.05457081842427236, 0.055184257028603315, 0.05402270066919893, 0.04752769315420113, 0.045072552386129984, 0.04859398421070861, 0.04202129104521606, 0.050455637551294695, 0.04988335797112654, 0.0474783617554178, 0.04017889024127898, 0.03775674960507217, 0.03528270116286768, 0.03522582020693809, 0.019797595719519386
N:GTG, 0.06655520463804644, 0.0002242298821847476, 0.0752362539548623, 0.06575830774125224, 0.0666849809272328, 0.059004534540340395, 0.055875312033052675, 0.05539715325678099, 0.05366241020089562, 0.048197330863196386, 0.045732284100386704, 0.04859443827233251, 0.04302699081572962, 0.050390187402178266, 0.0499745814136684, 0.04718540331246918, 0.03990223539882236, 0.037991089214913086, 0.03530743942036749, 0.03536429804993039, 0.0199353345613574
N:GTT, 0.07702191335330888, 0.00026017891916734593, 0.07629507895884494, 0.06412044847477082, 0.07073298996772698, 0.058085601047801486, 0.05312266379748298, 0.0556202143458078, 0.05144258254162483, 0.04691966440704687, 0.043119068932012485, 0.04963563247738052, 0.03917219118002334, 0.049146690603997706, 0.049120330880643236, 0.048579986393508606, 0.039653996580720524, 0.03902029741012381, 0.03432626826685897, 0.03549255117677707, 0.019111650284370636
N:TCA, 0.07535617219810152, 0.00023477737518045146, 0.07609098022526799, 0.06443514864259092, 0.070038825253587, 0.058281649367018386, 0.053555470547903425, 0.05556245279433088, 0.05224592347564256, 0.04710163257662403, 0.0433988490167843, 0.04889693615660813, 0.03948815526434315, 0.049890768314078654, 0.04912712061804272, 0.04847209505506509, 0.040035051107803, 0.03901975547298475, 0.03434332518611239, 0.03537485898101171, 0.01905005237091886
N:TCC, 0.07403935186303628, 0.00023612805579771606, 0.0750597306288534, 0.0647229289373062, 0.06718869398101324, 0.0592438307746519, 0.05431153583560752, 0.055375251950878585, 0.0545112784188575, 0.04719337485215098, 0.04467746419368981, 0.04816078131664106, 0.04154181989700105, 0.04999873405839409, 0.049210183426295115, 0.04750462475467039, 0.03997343911407157, 0.03748020210241141, 0.035097810836184754, 0.03489385417224077, 0.01957898083024683
N:TCG, 0.06430836543267857, 0.00024230882179813133, 0.07241135164425502, 0.06528158288586197, 0.06587230645718913, 0.05970102212753579, 0.05653584097172597, 0.054921512667161124, 0.05375587703345121, 0.048634190604729656, 0.04569073417748032, 0.05078281185418092, 0.04360886596079597, 0.04958305347775476, 0.05147943157487113, 0.046284358648927194, 0.0403556505872038, 0.037781010352123966, 0.03630560717472395, 0.03536847346005605, 0.021095644085495517
N:TCT, 0.07474614873816368, 0.00023980339448689627, 0.07618807549514638, 0.06448489763654275, 0.06935143351257972, 0.05868357446684565, 0.05346290760514195, 0.05567758129743443, 0.05244218709059607, 0.04720932729921625, 0.04389201009162514, 0.04904901849844694, 0.040303382555272306, 0.049602241631163634, 0.04898273633203301, 0.04811636665051072, 0.039879076974455266, 0.038496844850608926, 0.034518469313475866, 0.03535614512001686, 0.019317771446237555
N:TTA, 0.080131586920343, 0.0002493542149413787, 0.07726797743235359, 0.06363304428753343, 0.073513440705421, 0.057312366237085015, 0.052624919392497534, 0.055646173363078144, 0.0487933701364818, 0.0467703456593696, 0.04142588197827855, 0.05034643179433981, 0.03695379112386153, 0.04908029183966221, 0.04803948136657539, 0.04978175850764115, 0.039996253757548915, 0.040932219051814524, 0.0336402182946754, 0.035423383897744506, 0.01843771003875367
N:TTC, 0.07775515421163094, 0.0002462734984843771, 0.07642344621248846, 0.06401858380462122, 0.07083158038852012, 0.05822213303944967, 0.05281457735985766, 0.05574144891075687, 0.051705054881879146, 0.04692143485423842, 0.042924418633732184, 0.0491383097475434, 0.03887518008827162, 0.04932726035480337, 0.048929355064322305, 0.04864532237287986, 0.03978355015036833, 0.039045285000632715, 0.03419054585558163, 0.0354895660308128, 0.018971519539125112
N:TTG, 0.07921620912587816, 0.0002500853124989956, 0.07630841420065983, 0.06401985281754871, 0.07066229929187638, 0.05813731152687947, 0.05289925118002751, 0.05556036233141006, 0.05200741211789603, 0.04672044590524274, 0.04284555302283118, 0.04910317385149597, 0.038764961218412844, 0.049116664069506495, 0.04882814220649347, 0.048563388721771746, 0.03961382164180488, 0.03887443819276162, 0.03425995693961509, 0.03532134823443414, 0.01892690809095459
N:TTT, 0.08240209014836529, 0.00027058111370460003, 0.0768106301988859, 0.06359931506286534, 0.0729300373122095, 0.05773742469422376, 0.052246089800954444, 0.055792641896385435, 0.04965441439991587, 0.046414029789903145, 0.04155279762856335, 0.04981013930003969, 0.03741879607856151, 0.04862467609437697, 0.04810329858021406, 0.04936463484441951, 0.039457448479387994, 0.0400575910652773, 0.03391162769428404, 0.035292153853490646, 0.018549581963971797
T:ACA, 0.043798508204690355, 0.0001461784756111774, 0.08045572264977131, 0.078109113578241, 0.04659690590003963, 0.06303454125414201, 0.06384988676112686, 0.061195795737406515, 0.05056434068764811, 0.04241643326069936, 0.059225277844337294, 0.05026356133518575, 0.062141529766533844, 0.031106404927917296, 0.043811432525191825, 0.048036493199472396, 0.04008663734612529, 0.03746364353893651, 0.03533578288484776, 0.03289486508451205, 0.029466945037563676
T:ACC, 0.041489288676203134, 0.000137825521384128, 0.07693374470945497, 0.07799069069802102, 0.04464828031628055, 0.06469013333019666, 0.06542899690088365, 0.060434740528745555, 0.05527981711664842, 0.041678453619229026, 0.05907363790719854, 0.049615627581810845, 0.06774250123273358, 0.03122665248912568, 0.042311775499797574, 0.04621466364893616, 0.04135535791883217, 0.03585803523796651, 0.036283860659097854, 0.031478783327661373, 0.030127133079792732
T:ACG, 0.030182751450533927, 8.292914435449833e-05, 0.07311894584182166, 0.07707820570772372, 0.048008481061187144, 0.0647283614511277, 0.0682384477568212, 0.06079074789576945, 0.05223129704866165, 0.04252438072687384, 0.05877736383642423, 0.05443516692070864, 0.06834202055152114, 0.03275984911019287, 0.04397949103914227, 0.04253175249188505, 0.04346169960818123, 0.03641537455486473, 0.03902580001560195, 0.032088705194277374, 0.031198228592325766
T:ACT, 0.04682225466006175, 0.00015983955348853902, 0.0810018079357244, 0.07879138487868409, 0.047117419667241284, 0.06321168945798616, 0.06223094237359495, 0.06102038536891652, 0.05040616582138103, 0.041729450197490886, 0.05855296008744889, 0.04942888144018259, 0.061823021100160226, 0.03140584067681047, 0.04371171791768939, 0.048088342212760274, 0.04017764032423193, 0.03705506559564268, 0.034791847749332465, 0.032759924490557785, 0.029713418490613815
T:ATA, 0.05805469920565748, 0.0002162416029342467, 0.08566044585310398, 0.07819489950842387, 0.04829753544005515, 0.0628915999120482, 0.058996216859305256, 0.059611381318420545, 0.04517006199820723, 0.04343104223522759, 0.055730660700602376, 0.05095840102519393, 0.054340080916486795, 0.030811848724997662, 0.04407790676933851, 0.050225624459172766, 0.03863481092204591, 0.03933127936271141, 0.03278077879912112, 0.033738996900712075, 0.028845487486233858
T:ATC, 0.04941967565530582, 0.00017277959734834138, 0.08151356770550483, 0.0775013367823783, 0.04653109506473199, 0.06366477533321009, 0.062061458764066345, 0.06071659638030091, 0.05079317786984262, 0.04252633402701921, 0.05810072238001178, 0.04967993960054924, 0.060878518388709446, 0.030634322858910292, 0.043278328122970645, 0.04883404731536392, 0.03957193666506681, 0.037462271435579696, 0.034235052081629705, 0.03276810961696252, 0.029655954354537432
T:ATG, 0.04837607338317265, 0.0001561313433777303, 0.08156087579277188, 0.07776377907810195, 0.04651844737396759, 0.06276433826903481, 0.0626196373494953, 0.061139072155293746, 0.05003773561073957, 0.042724678796570506, 0.0583871717713058, 0.05002118563552977, 0.060269681888569474, 0.030755481071349264, 0.043908936644789426, 0.048844567226046985, 0.03980422664996405, 0.03767016135379958, 0.03436661403749724, 0.0330104659204513, 0.02930073864817133
T:ATT, 0.05676358389268713, 0.00021457061216073495, 0.08552812340103542, 0.07850311811139275, 0.04897673107693346, 0.06306202516109816, 0.058786557203241906, 0.060111240355362736, 0.045274885179642725, 0.04298250852009222, 0.05619993495368282, 0.050119231141174725, 0.054977138983923764, 0.030703585052068962, 0.04405262861804, 0.05036002547416338, 0.03841389013705411, 0.038871813153272414, 0.033064580649331515, 0.03383280640691813, 0.029201021916723035
T:CCA, 0.041842495657875504, 0.00013639792075024844, 0.07673444617847831, 0.07823070707739138, 0.04423156149005388, 0.06484145164192648, 0.06564238838074046, 0.060539512173026125, 0.05603945979441985, 0.04152960605414145, 0.059190632362749754, 0.04934933748851926, 0.06786692743367223, 0.031012047342800244, 0.04204172546808557, 0.04616163777235966, 0.04135558703362864, 0.03572052108226689, 0.03613461825189301, 0.03137797987186005, 0.030020959523360702
T:CCC, 0.03774146663805118, 0.00011088473042736692, 0.07357470919067592, 0.07753612407707013, 0.042778375661340434, 0.06631423105916494, 0.06829403701614958, 0.06013821074342344, 0.05889088619432998, 0.04102525741730859, 0.05925739988999115, 0.0502602773892372, 0.07238189261587825, 0.031019974480022482, 0.04061320519822474, 0.04413841649846531, 0.04288519169657722, 0.034521298823938985, 0.0375702192458281, 0.030621778574608502, 0.030326162859286528
T:CCG, 0.02778089751529671, 6.854663230515588e-05, 0.068456851574073, 0.07747461764092306, 0.04510373589780439, 0.06930151139990265, 0.0707037772617826, 0.05762480340973401, 0.05794277763784456, 0.04223196144350628, 0.05822642968347858, 0.05316954121471193, 0.07609002398063423, 0.03281527346616788, 0.04068331773342385, 0.040209961068912184, 0.0450648801698541, 0.03432804054458458, 0.0409135520602699, 0.030181456458202863, 0.03162804320658747
T:CCT, 0.04037730118697955, 0.00012386020479126565, 0.07626641427204209, 0.07818541101178558, 0.044219158461405145, 0.0649671584633315, 0.06560400512817345, 0.060786162712652365, 0.05624712140160842, 0.04114355437429735, 0.05967202273116041, 0.049153331869497066, 0.06883414887050095, 0.03119979904233637, 0.04177635872763316, 0.04619801641949462, 0.0417026353800971, 0.03556238313209939, 0.03647202280140518, 0.03144114555722503, 0.030067988251483678
T:CTA, 0.050423808630022986, 0.00016816078935834718, 0.08192351033266708, 0.0782100854471937, 0.04678544475660695, 0.06303579551358486, 0.061322089998442963, 0.060579949001941275, 0.049870777844680705, 0.04191778676455545, 0.05809685353067252, 0.04936560590289181, 0.06101987614707565, 0.031186406659827068, 0.043538576164562415, 0.04873672661361262, 0.03987841805254168, 0.03724243211587012, 0.03417706050657038, 0.03290108041788039, 0.029619554809441097
T:CTC, 0.03992608585950612, 0.00011928893841528661, 0.07694722017436119, 0.077774138281045, 0.04492830643737256, 0.06483777182604711, 0.06547566538709525, 0.061103490560852146, 0.0552640460334184, 0.041185064826796645, 0.06020698525285556, 0.049440242365165164, 0.06814099917348092, 0.03108019937334399, 0.04199836290110271, 0.04603168216617841, 0.0413849473416249, 0.0360699286246565, 0.03626421087611996, 0.03171610016651922, 0.030105263434043128
T:CTG, 0.03811642282541225, 0.00011806331254413936, 0.07609099570272457, 0.07893970696677721, 0.0446704467160053, 0.06503632524557071, 0.06600377267580315, 0.06078686841562281, 0.055802275358130274, 0.04125511872162144, 0.0600770295071161, 0.049119776491355155, 0.0686804665678783, 0.031441895800561816, 0.04216936561260098, 0.04599402849930486, 0.04172722092515284, 0.03571517675208903, 0.03685428332482342, 0.0314959788622363, 0.029904781716669368
T:CTT, 0.04714735833935273, 0.00015828708592844338, 0.08116028400146155, 0.07848577994439358, 0.04689696969952485, 0.06310329908658385, 0.06183144677756833, 0.061403936063855406, 0.050578538827659086, 0.04164863179087498, 0.058522281082431404, 0.0494974982486092, 0.06220022224065097, 0.03108834886550617, 0.04367067005888462, 0.0483493041235465, 0.03998505612220611, 0.03699103643902501, 0.03456549914963096, 0.03279687671665275, 0.029918675335653466
T:GCA, 0.040179244153352174, 0.00011382050111494193, 0.07729829610852791, 0.07851423019152681, 0.04554572153813064, 0.0638931372105219, 0.06515812048543489, 0.06134822839123663, 0.05367307551110291, 0.04180954620808576, 0.05982232790526977, 0.04945797238285016, 0.06638675145357072, 0.03145483473915189, 0.042811371223267135, 0.04666729137324289, 0.0414638055265173, 0.03627622439992065, 0.03635617635903543, 0.03216089626442989, 0.02960892807370971
T:GCC, 0.03567369783419549, 0.00010007053106063082, 0.07260670863717489, 0.0791283767006291, 0.042985700847438836, 0.06643136924350064, 0.06802331127817172, 0.05998079995722926, 0.058993533897234364, 0.04084269274889827, 0.05988050006173019, 0.04944801564456375, 0.07287388032356922, 0.03174374244605539, 0.04098036392891859, 0.04402836356745065, 0.04290063253192928, 0.03456496404725748, 0.03795345714453038, 0.030530688891948914, 0.03032912973651293
T:GCG, 0.027247590537947404, 6.22259688353085e-05, 0.06804427137285626, 0.07823408101773163, 0.04566241844423267, 0.06784158316386737, 0.07111454459314251, 0.05834660186941457, 0.058129027361227895, 0.04287047670266855, 0.05772685614848144, 0.05303771640952452, 0.07502749477713345, 0.03315411844072302, 0.0412332548179632, 0.039981457405762894, 0.045076206291629985, 0.03402252245934951, 0.04173330355560823, 0.030434951263543432, 0.031019297398356085
T:GCT, 0.03903331185694984, 0.0001108229653349268, 0.07664704913074988, 0.07894382117849126, 0.045214407012057256, 0.06434431593017947, 0.06556368024696811, 0.06101500987626648, 0.05456081416133725, 0.04123846747545293, 0.05992317230545624, 0.049349640574973395, 0.06822952892639744, 0.03163676667078389, 0.042599988463296934, 0.04594230206558597, 0.04163144057916241, 0.03586370630752972, 0.036413497246081554, 0.031762585714545856, 0.029975671312399074
T:GTA, 0.04996302829420213, 0.0001834043362666628, 0.08221253854029632, 0.07857902199443119, 0.047362702736356434, 0.06310837948792325, 0.061561320958020666, 0.060283999703498466, 0.048867030644954915, 0.042251241494260426, 0.057841873739414885, 0.049909938890460706, 0.059988006646133595, 0.031396649716155925, 0.044025315806797145, 0.04850361647981642, 0.03964567753169412, 0.03762944296640095, 0.03432028886331366, 0.03291490798252215, 0.029451613187080155
T:GTC, 0.03992534637323269, 0.0001237789855125043, 0.07728192861179455, 0.07834825319892041, 0.045339472893542794, 0.06444392113574522, 0.06505358684531905, 0.06081736596246405, 0.054287932641228324, 0.04177430013532643, 0.05946102313186189, 0.04997073178795107, 0.06638796082067656, 0.03126035349705298, 0.04261484221300937, 0.046665161434855336, 0.04148587635713459, 0.03619673194229908, 0.03650041060070248, 0.032028000321008186, 0.030033021110362386
T:GTG, 0.03785503827584796, 0.00011005980810310575, 0.0770268854308859, 0.07796610865180918, 0.045361990563119084, 0.06372370286224659, 0.066554134237548, 0.061549818609139044, 0.05397604268879265, 0.04206547202081698, 0.06017342197375119, 0.05026860205852619, 0.06659353383255606, 0.031235987797580668, 0.04294476977405411, 0.04610133703368061, 0.04135367156779896, 0.036538602104303756, 0.03669978070029362, 0.03211207049819067, 0.029788969510955585
T:GTT, 0.047754006408953734, 0.0001725174388373986, 0.08178194601751339, 0.078211111583258, 0.04758565614302272, 0.06300788532948812, 0.061903123432520885, 0.060876325663088635, 0.049197113567038334, 0.04207292635890783, 0.058073154964395364, 0.0500409800533138, 0.060906931544455194, 0.03134822191289097, 0.044213597011486826, 0.048487887355673, 0.03968525298758502, 0.03737387201027896, 0.03452875774860684, 0.03296177683294991, 0.02981695563573494
T:TCA, 0.04668151621080781, 0.00015167007075977008, 0.08056696666512192, 0.0782346194798945, 0.04663962133118861, 0.06353105047314829, 0.0626330033581142, 0.06115617232073452, 0.05105596140560806, 0.042153152188368063, 0.05848671445713085, 0.04948313802838193, 0.06177805827150868, 0.03093157548600153, 0.043530565014684545, 0.048500678105068466, 0.040102434118513094, 0.03720672579987956, 0.03477357860476928, 0.032714187208134515, 0.029688611402182048
T:TCC, 0.04252487930184826, 0.000135772983763407, 0.07764583020036192, 0.07758417064793824, 0.04495083141907641, 0.06469487314123856, 0.06488160222938702, 0.06082071901902407, 0.05503237559811332, 0.04158496450193794, 0.05917478061625434, 0.049487883929886345, 0.0668331066513539, 0.030841762291718075, 0.04207433610879294, 0.04671263157573225, 0.041258632428521486, 0.03603632278462865, 0.03589610215933924, 0.03178714404342359, 0.030041278367659886
T:TCG, 0.03431838820163128, 9.602708197899923e-05, 0.07338570121940434, 0.07742521175734597, 0.04724066546877938, 0.06538823757970655, 0.0671434115134539, 0.05984086101532742, 0.05327694949522714, 0.042439136514924446, 0.05862152952025599, 0.05319222626714762, 0.06928363865573636, 0.03232555661106682, 0.04265857202811213, 0.0423330283182441, 0.043147553810534416, 0.03616852799672202, 0.03864120652849395, 0.03159763433450645, 0.03147593608140061
T:TCT, 0.045890269750579006, 0.0001534857146186834, 0.08055710640455789, 0.07794157339913327, 0.0463200319506844, 0.06383278467985315, 0.06253517118375125, 0.06114685583965561, 0.05167266229012135, 0.04168843820406368, 0.05918072659513074, 0.04944488582435796, 0.06321046092399767, 0.03080556044690274, 0.04308779986906314, 0.04804403646630515, 0.04005821216394446, 0.03705818029371928, 0.034915270519605704, 0.032587708609829624, 0.029868778870125217
T:TTA, 0.053333643430023156, 0.00020703334405301752, 0.08520325297903418, 0.07903692195353419, 0.049253236315161535, 0.06259752777505063, 0.059460910645982856, 0.06032422331119466, 0.044869978893735174, 0.04254196353283641, 0.056879369904291585, 0.05062923063052052, 0.056245408025765685, 0.03142346699323937, 0.044495565926744265, 0.0494938097251494, 0.03865088498245471, 0.038700472772297614, 0.03348945750465141, 0.03384013725023628, 0.029323504104043406
T:TTC, 0.049072302232047595, 0.0001660811495020393, 0.08186033003316769, 0.07808275471644475, 0.047292937195480764, 0.06327914956642071, 0.061295560326492346, 0.06123571068958153, 0.04984753035750085, 0.04201187838089919, 0.058031239012599566, 0.04951058303150199, 0.06072671994143914, 0.030735934423692286, 0.043769388152918164, 0.04883291141683522, 0.039750276319109275, 0.03737906049696732, 0.03433567760485873, 0.03293072105075075, 0.029853253901790184
T:TTG, 0.04987520198140331, 0.00017428519893194152, 0.08163287708393874, 0.07816431693685129, 0.04694412803984371, 0.063295560027237, 0.061520756708767485, 0.06081795294998748, 0.05016385814890878, 0.0421682192900144, 0.05779049324198303, 0.04947630046225688, 0.06080582053069842, 0.03092809297129395, 0.04360069635488721, 0.04899124566626603, 0.03961069179334722, 0.03722700922700684, 0.03422141767711544, 0.03287386141968721, 0.02971721428957354
T:TTT, 0.05387144688010935, 0.00021461748520919268, 0.08407425196652202, 0.07895079473853014, 0.04871644188624359, 0.06294830884338402, 0.05963679223333251, 0.060203845372439606, 0.04622358370497677, 0.04229697141381666, 0.05698077540791344, 0.05001723975302321, 0.0576205746113195, 0.03131397957361451, 0.04424597141993226, 0.04940406439806931, 0.03847541562066528, 0.038106326987065085, 0.03366906705773623, 0.03347758692930599, 0.029551943716791384
U:ACA, 0.044165769760363544, 4.506075765957945e-05, 0.06930454192535972, 0.08288557258389222, 0.053671337409471005, 0.05935587643932166, 0.065786523942972, 0.06281066972183495, 0.05583342192603846, 0.05486303548750589, 0.04819926924571015, 0.053558942100596155, 0.04979736271034602, 0.04882244994749152, 0.037296483533239076, 0.04683174921750999, 0.03691128261838343, 0.031839845530967845, 0.04079160269035699, 0.03301406477098553, 0.024215137679994118
U:ACC, 0.040913188437377845, 4.181630296778442e-05, 0.0670603178225471, 0.08338399721982108, 0.05053585829264371, 0.062181245835235106, 0.06579793595166064, 0.059091874615352404, 0.05966475377257723, 0.05751165219590759, 0.04963473917486326, 0.05168599629682895, 0.05456040383819774, 0.048287003001116505, 0.035837605311781956, 0.0462392790641238, 0.03674787832416744, 0.031215984843218542, 0.0419854762854334, 0.03229029771106948, 0.025332695703108705
U:ACG, 0.030236650595346398, 3.89534461450224e-05, 0.0638488350137148, 0.08100964254820352, 0.05087798133614864, 0.06267158434692494, 0.06922465350485671, 0.05519206366804857, 0.05537561471818706, 0.06287466992670054, 0.05000304633112475, 0.055384414705028376, 0.05519238352957282, 0.047786878744881085, 0.037113058756941424, 0.04558137122094308, 0.0382017820343166, 0.03160544898703198, 0.04500316328373027, 0.03453322879023278, 0.02824457451192072
U:ACT, 0.04684227290187299, 5.040267079451142e-05, 0.06921859119770395, 0.08321029073344986, 0.054437226077876016, 0.06012863652763234, 0.06434009797319969, 0.06335382608987489, 0.05586672858769745, 0.0520531969396793, 0.04820654446257401, 0.05269881819125745, 0.04993208532836498, 0.04961190211003065, 0.037753090707055556, 0.04659436611477331, 0.03681371857750688, 0.03218561901592535, 0.03915126622230255, 0.033115329135860336, 0.024435990434568056
U:ATA, 0.059837297286176365, 5.951024310531019e-05, 0.07184766350990221, 0.08169187697659375, 0.05877857583116791, 0.056186314248282486, 0.0626662281828143, 0.06907885165731939, 0.05203541427411396, 0.047852067874528253, 0.044775400783156595, 0.05644210671481349, 0.04299365959496686, 0.049933282181246194, 0.03885993619988013, 0.046085503486222985, 0.03757010482272053, 0.0319385801657837, 0.03612236096723174, 0.03286676029341405, 0.022378504706559856
U:ATC, 0.04936200730438053, 4.7231481612803134e-05, 0.0698253460556611, 0.08282318152630999, 0.054863713069912126, 0.059080913109446506, 0.06390439606563472, 0.06439591492801183, 0.05666831625559923, 0.05235840512272601, 0.04726972774757707, 0.053628703530117096, 0.04819228959914203, 0.04897626464806421, 0.037624547626525444, 0.04723466272501709, 0.037105280424497275, 0.031404086570513905, 0.039066865555958175, 0.032282599817745825, 0.02388554683554716
U:ATG, 0.048613006150721845, 4.430457509047798e-05, 0.07006822527583997, 0.08290371284558382, 0.054810649262504785, 0.05870502698363378, 0.06450537954267059, 0.06475933302917321, 0.056306786700438906, 0.05284834675934893, 0.04725534374575158, 0.053601912165975374, 0.04752531073451018, 0.049013133116917997, 0.03766363436481725, 0.04699655458736551, 0.0370115477878761, 0.03171304456384731, 0.03939514730399864, 0.032662063971153614, 0.023597536532780402
U:ATT, 0.05794740016257829, 6.058813112429672e-05, 0.07173687764694374, 0.08242773588399147, 0.059105149639826916, 0.056667103693255325, 0.06247102040640932, 0.06865714201816135, 0.05201463554702684, 0.04715025634107914, 0.045221420212852234, 0.055457648997798654, 0.04368889807344187, 0.05008762958110988, 0.03917211295267864, 0.04685299047715568, 0.03741749801786283, 0.031927688010756815, 0.0359918202873564, 0.03310381325790114, 0.022840570660689334
U:CCA, 0.04111192561072235, 3.83307377759642e-05, 0.06692743551045256, 0.08381626840012446, 0.05020353727057687, 0.06240770398748321, 0.06572577276139298, 0.0593211012055707, 0.060462347732245174, 0.057725459374844856, 0.04961702406872072, 0.0511500203524156, 0.05454411772843318, 0.048063819271096535, 0.03556985549316459, 0.04633890637450554, 0.03670657495257559, 0.03109081730927772, 0.04202292886413511, 0.031985572417091705, 0.02517048057739479
U:CCC, 0.037172471811694724, 3.820706992020244e-05, 0.06495673207593834, 0.08330199878292266, 0.04767545623313936, 0.06441823846724046, 0.06717069879296372, 0.05630174389701341, 0.06299120419891541, 0.06176991777604766, 0.050344372039913696, 0.05067870387353533, 0.058494427838724904, 0.0466038088450304, 0.03401905247217, 0.044961735880720395, 0.03697555981731617, 0.030354381722723152, 0.044160844973057826, 0.03132852265267014, 0.026281920778342113
U:CCG, 0.02765447499585261, 2.8853403176025724e-05, 0.06100530944922425, 0.08206377035707803, 0.04665607767812492, 0.06668986358216888, 0.07062348775180213, 0.0507862309630426, 0.05913166180469148, 0.06743253227806274, 0.05101610980306449, 0.05268925690469868, 0.0629624288372388, 0.04547103539092462, 0.03439147691561336, 0.04315223596800182, 0.03840396078342545, 0.029894932165291845, 0.0475011465818884, 0.03274889900104468, 0.029696255385584226
U:CCT, 0.04013803774259221, 4.464362414576862e-05, 0.06696183034719887, 0.08367004143294536, 0.049616674119991586, 0.06315320363802325, 0.06556405537305261, 0.059064920011269395, 0.06060958948201394, 0.05781685015722175, 0.049993367393958495, 0.050798291677411275, 0.05558489928497487, 0.04803821721629052, 0.03527824882470347, 0.04617780919697569, 0.03670695088556025, 0.03138982311688235, 0.042206670113734836, 0.03180009828490955, 0.02538577807614423
U:CTA, 0.05073407421600706, 5.12525562807139e-05, 0.06985304143313045, 0.08311052339311101, 0.05471054773594836, 0.0597249994497383, 0.06311093560137167, 0.06436947182097125, 0.05590800582735751, 0.0510590595210322, 0.04754046799142036, 0.05295310150378074, 0.04895398222120665, 0.04970503062432023, 0.0378174337232566, 0.046618855367842195, 0.03675280636143938, 0.03199656972632395, 0.038311759439091514, 0.032762697884879975, 0.02395538360148966
U:CTC, 0.039483825393741734, 4.391374465424088e-05, 0.06749822007122148, 0.083418700967786, 0.05044347313993389, 0.0626189544121515, 0.06604378952995191, 0.05950676928328954, 0.05971951601474079, 0.05757876507977962, 0.04991760848863658, 0.05148449552299739, 0.05484995879199627, 0.04796665121886946, 0.03560805285617323, 0.04597030678882391, 0.03671596627045035, 0.031321638494648946, 0.0423549363725033, 0.03210787509558444, 0.025346582462065573
U:CTG, 0.037722551154382444, 3.681387913483595e-05, 0.066868120635215, 0.08406753742976783, 0.04991457383714979, 0.0631912703842215, 0.06630935826106096, 0.058803626858272846, 0.05981840740869767, 0.058134909527845544, 0.05021491215567182, 0.050854268211053946, 0.055627071981730655, 0.048414915764041604, 0.035476494063739095, 0.04614310355940557, 0.03678074406024693, 0.03154964828684826, 0.04247517156168009, 0.032127266766044986, 0.025469234213788657
U:CTT, 0.046935532861806385, 5.170962094457972e-05, 0.06952575594264618, 0.08330110633540262, 0.05414992908001141, 0.06005068762382114, 0.06387360406536612, 0.06327172501223809, 0.05629213857681367, 0.052246348531895144, 0.04830552904548271, 0.0527912123297196, 0.049937425779554, 0.049377292436077976, 0.03784497812133646, 0.04683071568580183, 0.03662642132323188, 0.03211769207040775, 0.039083309590475124, 0.03289858271179487, 0.024488303255172608
U:GCA, 0.03986418923091888, 3.702090439741333e-05, 0.06767529563352312, 0.08370744257529371, 0.0511607031817617, 0.061848328507623895, 0.06619652033830259, 0.06031882895898036, 0.05823231710973247, 0.05706841724462322, 0.04942247842289131, 0.05168665982967959, 0.053180365211378644, 0.04867279458780609, 0.03633831656068114, 0.046413744449866914, 0.03680702891106333, 0.03181372633435168, 0.0418361035588972, 0.03259425578296537, 0.025125462665261507
U:GCC, 0.03525940794131667, 3.171189665366732e-05, 0.06452598223185231, 0.0846172133856179, 0.047155416903819386, 0.06530845222918208, 0.06721957843810025, 0.05601693705776259, 0.06204692149766538, 0.061436499682952, 0.051227935865188014, 0.04967968081556401, 0.05948603805589275, 0.0473838369062804, 0.034068286520466846, 0.044946163984289945, 0.036730694952359644, 0.031038987039098864, 0.043826202269652774, 0.03152946233819565, 0.02646458998808891
U:GCG, 0.02714828024422709, 2.8424184954059142e-05, 0.06025114868253411, 0.08238013170108446, 0.046784565741861045, 0.06708318653044447, 0.07095834944829081, 0.051039735149255916, 0.05799515039472743, 0.06702963961086693, 0.05136521102924133, 0.05349540591220523, 0.06184487737248625, 0.045835886051526824, 0.03495582378064161, 0.042698462877825125, 0.03825019329964251, 0.030031836908992558, 0.047139101032396526, 0.033504357195488325, 0.030180232851307297
U:GCT, 0.03847087038173059, 3.4192742028743694e-05, 0.06714760281422796, 0.08411007950757907, 0.050443608612467675, 0.06292799483333943, 0.06623040136972701, 0.05899658311974859, 0.058877839579074755, 0.05758090347451026, 0.05015532033667493, 0.0510717415229303, 0.05516202708246479, 0.04858635603341018, 0.036030528234415604, 0.0459734971859346, 0.03667521872176464, 0.03165882357483728, 0.04192111713070671, 0.03240354853459669, 0.025541745207830355
U:GTA, 0.050658958705334184, 5.995571031935894e-05, 0.06984513910819427, 0.08243786076776347, 0.05534978360865893, 0.05887759662878463, 0.06391647389874655, 0.06445868213345185, 0.054656224984489965, 0.05102883246621278, 0.04749700003305188, 0.05402342057963497, 0.04816515408809908, 0.049642590309326114, 0.03818788310355245, 0.046389120991047965, 0.03702852078830805, 0.03216206519983939, 0.03853634434182698, 0.03309340536580246, 0.02398498718755484
U:GTC, 0.03971833790706503, 4.012842393850896e-05, 0.0674953255107507, 0.08345197387402221, 0.051150508627435254, 0.06194907303564726, 0.06592912080615557, 0.05981604552090166, 0.05899320083676502, 0.05730363647628156, 0.04925837919259121, 0.05185856215777179, 0.05350330420968583, 0.04842525820614893, 0.036233747241018625, 0.04646217967897967, 0.03704220320354329, 0.03150684586370255, 0.04202438635860817, 0.03258495521318824, 0.025252827655798834
U:GTG, 0.037652699999812474, 3.558992660973614e-05, 0.06745297922865373, 0.08306860705624722, 0.05083411211150546, 0.06140477350476442, 0.0674681574113264, 0.05969647420562959, 0.058440305844661464, 0.05913777315513552, 0.04963950320718332, 0.05223948693641585, 0.05339727658473302, 0.04795325883342103, 0.03601842220254619, 0.0462751098057568, 0.036865424007310306, 0.031476922555716914, 0.043040941395027475, 0.032722570561073895, 0.025179611466469094
U:GTT, 0.047729156877076906, 5.0289431256463495e-05, 0.06944015107810986, 0.08303832244544686, 0.05527347466131924, 0.059223989836932854, 0.0642098100493161, 0.06351906906173148, 0.05451671564533718, 0.0515987552406874, 0.04781107413742849, 0.053805816681368475, 0.0492051403494403, 0.04973252816529374, 0.038138601872157056, 0.047114631592084025, 0.036766173961783805, 0.0320833823819405, 0.03895023902567345, 0.033393340482447104, 0.024399337023168707
U:TCA, 0.046675165643221855, 4.362683697583264e-05, 0.06948368873225313, 0.0833076524831911, 0.05434506836842815, 0.059838819902139476, 0.06452504366150238, 0.06374925464763455, 0.056729304366270744, 0.05288528297168086, 0.047860394155687956, 0.05285067368390102, 0.04928097770194437, 0.049072576092143605, 0.03746729844595319, 0.047003271746107834, 0.03696928375864749, 0.03172392604896274, 0.03950743427827882, 0.032562385714018136, 0.02411887076105688
U:TCC, 0.042123979228017965, 4.620387817792303e-05, 0.06761755113753126, 0.08310712685311686, 0.05088226805773209, 0.062059139075521484, 0.06521918503187485, 0.06016228242720981, 0.0598693840811196, 0.05692117347889666, 0.04911384668030628, 0.05165377657944034, 0.053571795549059734, 0.04793142703074739, 0.03591860919108335, 0.04670165046890043, 0.036936890262122414, 0.031183890617891407, 0.04186800716606518, 0.031998523637273936, 0.025113289567911035
U:TCG, 0.034014051171672104, 3.838057330380396e-05, 0.06380934926513321, 0.0821000599715702, 0.05062465541642544, 0.06277521619668953, 0.06895551169487239, 0.055226950957034185, 0.056186404296212085, 0.06194663417595345, 0.04961964589129303, 0.054483955757090134, 0.05611754997976886, 0.047335679505459305, 0.036574280344458095, 0.04489278894528501, 0.037962541948313146, 0.03105252893431664, 0.044590240503519, 0.033806473189183145, 0.027887101282447285
U:TCT, 0.04571578285434095, 4.948478597312592e-05, 0.0694669074969355, 0.0832431128253533, 0.053480345265524226, 0.06038042876554516, 0.06418804413919953, 0.06289039142552183, 0.05717799649073252, 0.05340516850209121, 0.048421789423019154, 0.05283389690994736, 0.05058642039511783, 0.048997847845471856, 0.03718835419338279, 0.0466495685205474, 0.03668533872418746, 0.03174087981074625, 0.03995108646116405, 0.032542536036113706, 0.024404619129084558
U:TTA, 0.05458640182201426, 6.208640244224424e-05, 0.0712403649372302, 0.08237887319680644, 0.05880959688329431, 0.057315451060662714, 0.06320312051296403, 0.06735037101442928, 0.05124571155367194, 0.047717935639730626, 0.04627582524058313, 0.05543648469751077, 0.04538793792259668, 0.050615119498415795, 0.039190051842042994, 0.046171041160337184, 0.03724951160075923, 0.03246264462589396, 0.036147349319972634, 0.03367526117491562, 0.02347885989372603
U:TTC, 0.049038149259056286, 5.165641614896533e-05, 0.06997845669009096, 0.08305328683766203, 0.05502911122953938, 0.05943053313482384, 0.06341528024358965, 0.06442743233130113, 0.05583982677133318, 0.05146404479501498, 0.0474919397683555, 0.0533321934359655, 0.04843493833306224, 0.049279423677147695, 0.038040826780828915, 0.04718708646654666, 0.03681660568745426, 0.03191949954116023, 0.03885148374500311, 0.03280341914223977, 0.02411480571367552
U:TTG, 0.04971970594285126, 4.9888017510183164e-05, 0.06966561027734511, 0.08332671764213441, 0.05487788042051952, 0.059074488242525064, 0.06378318923889448, 0.06403356973084531, 0.05569889494702391, 0.05151685897196253, 0.047431100226473774, 0.053309185221215354, 0.048678655333886066, 0.04930904330132378, 0.03797759632889193, 0.047368254926378736, 0.036775349517523995, 0.031747559597060444, 0.038781436463388205, 0.03285163659855111, 0.024023379053695056
U:TTT, 0.05457069363389743, 6.377737918574791e-05, 0.07041218935814694, 0.08286024604951839, 0.05764082422806362, 0.05779816000638722, 0.06311387598291379, 0.06630718602446978, 0.05216244207117642, 0.04809824365024196, 0.04677682212226494, 0.05486095088464985, 0.04694209702374139, 0.050404602820236726, 0.03894035918935561, 0.0463839656750508, 0.03679920705139558, 0.03218908286429944, 0.0366969304156431, 0.033320798338380454, 0.023657545230980834
