 ,X,Y,1,2,3,4,5,6,7,8,9,10,11,12,13,14,15,16,17,18,19,20,21,22,MT,M
AACAA,4782,502,11984,11230,7804,6413,6661,6747,6475,4569,4853,5509,6327,7334,3105,4214,4701,4198,5814,2582,4194,2329,1300,1739,0,0
AACAC,3116,273,8502,7090,5018,3872,4151,4466,4472,2984,3464,3615,4732,4554,1722,2715,3123,3487,4425,1563,4242,1860,896,1571,0,0
AACAG,4957,419,13286,10520,7798,5623,6279,6626,6546,4327,5004,5337,6948,7265,2797,4297,4898,5094,6864,2329,5632,2737,1354,2276,0,0
AACAT,4117,457,10769,9713,6812,5328,5611,5778,5411,3955,4217,4635,5640,6117,2624,3641,3989,3450,4960,2115,4404,2082,1108,1508,0,0
AACCA,3892,359,9813,7827,5769,4232,4525,4984,4672,3238,3821,3946,5391,5249,1995,3306,3461,3800,5130,1631,4750,2115,979,1754,0,0
AACCC,2514,143,6941,4738,3758,2327,2843,3210,3354,1976,2879,2564,4204,3607,1135,2165,2456,3417,4402,964,6026,1638,670,1569,0,0
AACCG,996,67,2260,1695,1251,812,1038,1174,1208,793,931,962,1339,1215,438,723,820,1260,1525,387,1725,577,268,579,0,0
AACCT,3282,218,8847,6990,5271,3706,3936,4521,4293,2961,3562,3591,4877,4773,1693,2784,3150,3740,5078,1447,5541,1836,854,1758,0,0
AACGA,1125,81,2508,2017,1388,1132,1324,1355,1233,914,1030,1053,1329,1309,544,872,903,1114,1410,433,1466,618,317,519,0,0
AACGC,814,43,2015,1572,1145,820,1103,1096,1224,767,922,904,1218,1120,408,745,746,1167,1354,393,1686,582,269,569,0,0
AACGG,985,84,2498,1774,1300,1028,1227,1288,1387,888,1121,1024,1440,1344,512,877,903,1389,1689,406,1923,699,297,617,0,0
AACGT,1057,110,2513,2132,1451,1112,1321,1285,1364,908,996,1157,1360,1384,587,826,942,1163,1472,493,1531,630,335,585,0,0
AACTA,1994,243,5065,4853,3207,2768,2852,2843,2556,1822,1895,2259,2540,3052,1359,1908,1894,1514,2415,1047,1639,880,508,630,0,0
AACTC,3344,264,8685,6358,4860,3550,3963,4464,4142,2677,3199,3385,4537,4546,1586,2765,3134,3474,4593,1407,4855,1797,860,1557,0,0
AACTG,4175,388,11210,8828,6573,4783,5386,5747,5662,3672,4303,4503,5819,6388,2281,3633,4118,4000,5714,1884,4802,2137,1091,1811,0,0
AACTT,4040,489,10440,9204,6647,5308,5629,5819,5307,3841,4127,4522,5300,6008,2689,3649,3815,3430,4989,2062,4026,2006,1142,1543,0,0
AATAA,4378,544,11408,11843,7579,6873,6831,6636,6025,4672,4365,5304,5581,6966,3332,4144,4255,3067,4537,2575,3067,1791,1162,1150,0,0
AATAC,2656,345,6374,6376,4262,3796,3653,3796,3500,2599,2529,2944,3226,3956,1751,2387,2534,1991,2953,1390,2153,1131,638,735,0,0
AATAG,2424,283,5792,5443,3863,3101,3273,3295,2843,2297,2108,2542,3016,3501,1554,2071,2116,1605,2541,1211,1668,991,567,670,0,0
AATAT,3997,504,10210,10935,6988,6365,6008,6063,5529,4294,3759,4865,5070,6358,3138,3767,3826,2692,4174,2310,2536,1610,930,907,0,0
AATCA,3838,366,8989,8183,5764,4748,4959,5062,4638,3299,3537,3953,4626,5246,2298,3003,3305,2782,4020,1782,3095,1702,931,1205,0,0
AATCC,2894,305,7383,5846,4477,3363,3741,3957,3619,2447,2806,3141,3959,4015,1600,2351,2676,2705,3846,1261,3737,1489,689,1186,0,0
AATCG,779,73,1725,1482,1024,780,889,908,910,681,670,835,871,1024,393,563,663,741,971,336,921,416,200,338,0,0
AATCT,3700,288,9262,8248,5637,4515,4813,5156,4544,3428,3593,4000,4823,5253,2196,3150,3479,2783,4309,1741,3378,1644,969,1271,0,0
AATGA,4872,523,11974,10553,7730,6054,6711,6627,6103,4286,4866,5220,6397,7004,3000,4144,4424,4134,5802,2426,4708,2387,1140,1640,0,0
AATGC,3181,298,7599,6767,4924,3752,3926,4295,3879,2905,3136,3441,4254,4472,1819,2621,2825,2725,3876,1506,3508,1615,803,1260,0,0
AATGG,3987,361,10344,8398,6184,4650,5008,5317,4782,3373,3944,4209,5696,5793,2144,3310,3779,3695,5170,1768,4367,2064,951,1614,0,0
AATGT,3946,436,10220,9597,6648,5466,5632,5726,5511,3975,4018,4748,5314,6182,2634,3439,3800,3412,4754,2117,6885,1892,1023,1320,0,0
AATTA,3264,512,8419,8936,5629,5311,5151,5152,4505,3697,3133,3939,3998,5214,2484,3073,2955,2027,3420,1971,2221,1321,925,783,0,0
AATTC,3596,301,9201,8373,5604,4775,5096,5209,4897,3311,3544,4009,4544,5370,2352,3203,3147,2619,4015,1853,4829,1634,861,1099,0,0
AATTG,2839,324,7293,6625,4440,3792,3900,4064,3549,2762,2588,3137,3524,4328,1887,2375,2544,1998,2944,1551,2161,1147,688,858,0,0
AATTT,5050,598,12938,13831,8587,7959,8033,7771,7050,5394,5056,6192,6201,8129,3873,4808,4820,3596,5240,3062,3756,2147,1423,1304,0,0
ACCAA,3851,283,9580,7713,5781,4243,4419,4963,4637,3229,3763,4037,5204,5271,2055,3117,3332,3775,5191,1627,4447,2007,960,1780,0,0
ACCAC,4086,364,10753,7634,6170,3748,4681,5347,5607,3475,4339,4019,6952,5807,1755,3412,3827,5430,6902,1528,7554,2700,1267,2600,0,0
ACCAG,5469,310,14714,10121,8078,4866,6107,6863,7049,4646,5915,5390,8878,7308,2182,4571,5268,7415,9472,1903,10673,3774,1405,3663,0,0
ACCAT,3762,458,9845,7440,5670,3928,4473,4843,4576,3035,3795,3584,5536,5214,1787,3063,3473,3777,5256,1596,5297,2128,949,1829,0,0
ACCCA,3947,261,10937,7000,5887,3211,4156,4829,5072,3217,4377,3866,6788,5364,1507,3206,3796,5382,6980,1334,8282,2714,1006,2620,0,0
ACCCC,3398,164,10481,5891,4952,2530,3435,4492,5012,2916,4201,3518,6993,5180,1172,2997,3522,6198,7829,1026,11201,2846,1079,3203,0,0
ACCCG,1375,75,3993,2389,1922,1205,1556,1715,1995,1306,1801,1539,2496,1827,586,1179,1298,2498,2952,561,4164,1150,490,1250,0,0
ACCCT,3676,197,10073,6103,5096,2827,3628,4463,4681,2826,4029,3378,5954,5020,1223,2859,3387,5492,6672,1116,8907,2466,898,2516,0,0
ACCGA,1150,46,2998,1980,1659,1086,1392,1443,1447,1020,1195,1147,1700,1476,512,946,963,1620,1918,453,2252,770,344,791,0,0
ACCGC,1449,83,3821,2417,1907,1246,1690,1756,2035,1409,1700,1574,2500,1875,593,1147,1304,2457,2769,534,3983,1193,456,1282,0,0
ACCGG,1399,60,3664,2317,1785,1090,1368,1704,1866,1314,1610,1459,2313,1741,554,1104,1194,2274,2623,483,3755,1073,429,1167,0,0
ACCGT,1065,110,2931,1938,1558,983,1347,1395,1574,999,1240,1107,1865,1446,503,927,971,1761,1936,436,2402,827,375,853,0,0
ACCTA,2157,222,5500,4282,3211,2386,2592,2639,2626,1705,2093,2195,2952,3031,1151,1782,1856,2012,2885,911,2556,1099,483,874,0,0
ACCTC,4276,278,12337,8094,6595,3989,4868,5681,5894,3600,4912,4506,7391,6283,1787,3813,4408,6176,8022,1632,9157,2962,1203,3136,0,0
ACCTG,6154,521,18526,11991,9824,5659,7224,8276,8418,5758,7561,6534,11041,9128,2649,5628,6398,9645,12112,2335,13038,4581,1910,4857,0,0
ACCTT,4411,329,11743,9248,6846,4640,5400,5760,5631,3879,4792,4799,6600,6475,2170,3887,4208,4941,6645,1880,7552,2713,1138,2358,0,0
ACTAA,1906,205,4525,4399,2973,2485,2542,2669,2347,1762,1777,2045,2276,2798,1223,1762,1717,1379,2047,954,1650,723,414,520,0,0
ACTAC,1942,134,4969,3949,2925,2125,2364,2454,2426,1573,1866,1901,2893,2655,1011,1792,1775,1841,2794,830,2666,1044,466,991,0,0
ACTAG,1388,156,3351,2836,1998,1496,1737,1753,1532,1005,1293,1389,1810,1827,734,1226,1233,1077,1688,567,1408,641,256,537,0,0
ACTAT,1989,207,4969,4534,3238,2545,2756,2804,2494,1759,1786,2123,2638,2954,1231,1747,1802,1468,2247,1007,1617,827,488,620,0,0
ACTCA,4014,327,11201,7487,5906,3945,4436,5119,4901,3232,4087,3942,6004,5535,1699,3325,3709,4654,5844,1503,7293,2416,1044,2198,0,0
ACTCC,3528,281,10172,6466,5172,3261,3940,4701,4897,2950,3873,3666,5731,5259,1449,3092,3469,4829,6282,1321,7027,2374,1012,2229,0,0
ACTCG,1167,60,3181,2078,1623,1073,1460,1501,1587,1043,1343,1175,1878,1520,489,1014,1055,1808,2114,495,2701,888,340,932,0,0
ACTCT,3597,257,9611,7287,5533,3963,4377,4907,4496,2941,3637,3658,5225,5190,1792,3175,3611,3710,5254,1516,5170,1965,878,1705,0,0
ACTGA,4140,386,10644,8516,6285,4353,5089,5558,5246,3380,4109,4123,5732,5675,2069,3420,3766,3966,5530,1724,5337,2077,1102,1851,0,0
ACTGC,4149,229,11300,7953,6564,4085,4809,5327,5322,3596,4734,4209,6557,5845,1898,3682,4214,5286,6679,1596,6904,2598,1121,2653,0,0
ACTGG,4778,373,13070,8894,6894,4496,5457,6134,6125,3857,4936,4682,7464,6808,1907,3929,4589,5680,7596,1807,9271,2968,1134,2849,0,0
ACTGT,3827,283,11034,8597,6468,4594,5036,5294,5107,3468,4215,4256,5983,5833,2098,3589,3948,3944,5454,1782,5023,2173,1046,1937,0,0
ACTTA,2687,232,6891,6445,4399,3577,3788,3829,3646,2647,2669,3111,3308,3996,1776,2375,2489,2193,3153,1420,2315,1247,730,815,0,0
ACTTC,4315,355,11829,8868,6840,4719,5335,5854,5696,3797,4444,4670,6312,6136,2347,3663,4161,4708,6151,1873,6101,2606,1160,2346,0,0
ACTTG,3534,283,9239,7445,5446,3966,4254,4732,4460,3101,3621,3707,5073,5006,1909,3111,3356,3636,5001,1601,4551,2064,967,1823,0,0
ACTTT,4558,490,11602,10581,7329,6000,6269,6409,5798,4241,4549,5059,5869,6601,2916,4083,4225,3828,5386,2254,4147,2189,1179,1556,0,0
AGCAA,4719,409,12430,9729,7239,5416,5753,6192,5783,4104,4625,4876,6498,6578,2554,3958,4417,4437,6425,2078,5069,2539,1285,2056,0,0
AGCAC,3930,247,11498,7840,6354,3945,4777,5186,5718,3741,4811,4276,7404,5704,1894,3608,4214,6001,7199,1578,7509,2935,1231,3072,0,0
AGCAG,7982,511,22964,15027,12188,7407,8788,10184,10545,7110,9380,8119,13663,11352,3275,7072,8405,11385,15289,2873,14450,5760,2579,5997,0,0
AGCAT,4062,362,10473,8178,6383,4319,4755,5137,4867,3544,4024,4203,5969,5526,2065,3365,3737,3990,5427,1812,5046,2184,1059,2025,0,0
AGCCA,5997,384,16625,10842,8795,5127,6625,7374,7417,4771,6433,5990,9976,8139,2285,4815,5930,7726,9898,2086,10175,3936,1630,3882,0,0
AGCCC,5103,234,15325,8767,7447,3755,5377,6435,7304,4528,6426,5167,9999,7156,1779,4664,5280,8976,11163,1585,14105,4234,1556,4653,0,0
AGCCG,2020,78,6612,3795,3070,1804,2621,2804,3417,2296,2903,2406,4068,3107,979,1990,2162,4194,4929,876,6563,2076,882,2081,0,0
AGCCT,5139,338,13898,8948,7268,4078,5437,6443,6399,4234,5468,4929,8273,6751,1865,4193,5112,7249,9136,1633,10468,3503,1375,3631,0,0
AGCGA,1413,88,3618,2592,1885,1303,1729,1764,1871,1319,1512,1533,2224,1814,629,1211,1321,1993,2463,530,3115,1080,405,1055,0,0
AGCGC,1721,37,5472,3294,2567,1631,2340,2297,2838,1960,2298,2085,3430,2338,754,1757,1809,3709,3963,763,5810,1746,621,1907,0,0
AGCGG,2091,89,6442,3782,3057,1747,2429,2751,3251,2138,2703,2303,4036,2881,811,1945,2172,4195,5014,834,6551,1990,634,2140,0,0
AGCGT,1118,50,3301,2122,1709,1062,1433,1432,1767,1109,1324,1299,1934,1591,556,1115,1177,2142,2198,517,2854,902,428,926,0,0
AGCTA,2165,177,5701,4435,3414,2304,2694,2802,2585,1826,2161,2314,3002,3278,1158,1950,2202,1947,3035,940,2307,1117,569,972,0,0
AGCTC,4820,246,14375,9023,7228,4362,5577,6517,6849,4413,5655,5272,8453,7119,1936,4529,5297,7590,9657,1864,9931,3734,1486,3766,0,0
AGCTG,7222,406,22474,14031,11397,6540,8334,9590,9963,6922,9019,7940,13053,11762,3028,6946,8173,11370,15293,2795,14801,5798,2252,6046,0,0
AGCTT,4278,287,11313,8612,6551,4640,5117,5721,5484,3822,4562,4671,6277,6191,2147,3818,4307,4787,6689,1897,6111,2517,1067,2225,0,0
AGTAA,3033,394,7922,7490,5119,4314,4424,4397,4032,2949,2934,3459,3881,4678,2055,2790,2941,2312,3488,1610,2755,1483,805,1010,0,0
AGTAC,2323,156,6449,4802,3664,2568,2970,3155,2916,2029,2459,2336,3401,3286,1211,2029,2144,2328,3307,963,3001,1293,560,1169,0,0
AGTAG,2617,182,6847,5240,3777,2700,3135,3348,3076,2100,2453,2469,3752,3554,1272,2325,2324,2400,3536,1015,2866,1248,606,1158,0,0
AGTAT,2749,250,6485,6041,4370,3469,3492,3640,3518,2494,2550,2842,3309,3876,1645,2283,2471,1968,2994,1343,3030,1148,621,819,0,0
AGTCA,3727,217,10124,7504,5659,3787,4424,5095,4484,2961,3708,3915,5409,5249,1784,3072,3552,3926,5250,1551,5252,2105,956,1849,0,0
AGTCC,3301,191,9708,6215,5009,3024,3852,4371,4501,2791,3765,3408,5571,4780,1390,2958,3343,4535,5943,1304,6854,2421,876,2259,0,0
AGTCG,1077,57,2785,1846,1450,996,1211,1339,1421,933,1201,1087,1613,1399,481,905,942,1503,1861,446,2381,805,301,765,0,0
AGTCT,3564,265,9476,7032,5262,3570,4165,4574,4227,2847,3602,3538,5042,4813,1715,3020,3273,3575,4993,1428,4575,1843,887,1635,0,0
AGTGA,4261,370,11428,8820,6551,4720,5214,5699,5418,3686,4364,4464,6458,6318,2139,3792,4098,4874,6300,1768,6429,2377,1147,2248,0,0
AGTGC,3177,217,9371,6314,5082,3251,3751,4146,4260,2939,3749,3372,5525,4465,1448,2908,3420,4514,5362,1255,5800,2299,879,2236,0,0
AGTGG,4861,354,12690,8840,7005,4228,5078,5930,5947,3663,4983,4624,7733,6587,1857,4059,4584,5906,7740,1659,8631,3110,1212,3083,0,0
AGTGT,3258,229,8749,6884,5325,3645,4064,4485,4562,2940,3558,3506,4833,4596,1640,2867,3082,3657,4639,1471,6204,1850,868,1768,0,0
AGTTA,2203,326,5924,5319,3722,3120,3213,3315,2950,2243,2073,2522,2821,3395,1461,2060,2154,1809,2626,1210,1787,959,622,692,0,0
AGTTC,3688,318,9981,7359,5598,3996,4593,4901,4767,3145,3924,3757,5171,5248,1914,3150,3588,3812,5508,1496,5522,2081,972,1831,0,0
AGTTG,3454,364,8745,6749,5069,3687,4108,4516,4349,2666,3339,3465,4719,4929,1725,2864,3175,3112,4496,1461,4002,1740,820,1469,0,0
AGTTT,4207,370,10701,9752,6870,5606,5890,6123,5564,3930,4176,4883,5474,6379,2782,3863,4020,3684,5097,2221,3985,2029,1186,1540,0,0
ATCAA,3846,258,9397,8468,5970,4653,4971,5043,4724,3268,3720,4193,5204,5470,2249,3182,3492,3203,4698,1890,3497,1849,921,1424,0,0
ATCAC,3258,311,8211,6512,4979,3587,3968,4216,4105,2798,3253,3389,4726,4550,1668,2660,2873,3253,4428,1294,4482,1796,794,1547,0,0
ATCAG,4231,428,10778,8424,6313,4432,5069,5353,5068,3499,4187,4375,5800,5851,2153,3411,4082,4135,5733,1801,5427,2186,1088,1927,0,0
ATCAT,4378,421,10209,8557,6430,4968,5360,5386,4853,3605,3987,4235,5622,5728,2342,3475,3683,3858,4931,1900,4181,1988,954,1576,0,0
ATCCA,4388,451,11910,8646,6841,4859,5424,5835,5406,3716,4356,4489,6386,6258,2124,3725,3987,4523,6220,1873,5810,2414,1063,2213,0,0
ATCCC,3100,212,8256,5327,4418,2700,3423,4094,3899,2372,3204,3119,5091,4407,1239,2351,2923,3898,5146,1014,6179,2011,704,2014,0,0
ATCCG,1122,61,2941,1989,1577,942,1287,1348,1421,954,1228,1165,1799,1497,478,927,982,1775,2038,446,2340,873,337,809,0,0
ATCCT,4375,384,11719,8211,6401,4329,5090,5506,5411,3484,4467,4337,6653,5980,2046,3554,4030,4684,6459,1675,6650,2532,992,2248,0,0
ATCGA,1019,61,2458,1872,1466,1033,1201,1242,1302,880,1036,1082,1415,1332,488,792,871,1132,1600,460,1571,688,276,587,0,0
ATCGC,831,50,2207,1645,1158,845,1025,1142,1164,746,937,932,1355,1190,391,662,769,1265,1472,394,1789,642,262,661,0,0
ATCGG,907,49,2351,1613,1257,834,978,1076,1162,776,939,999,1387,1204,436,760,799,1264,1575,371,1838,660,247,605,0,0
ATCGT,994,92,2287,1874,1387,979,1206,1104,1165,822,859,969,1306,1254,482,762,849,1232,1460,457,1650,625,328,558,0,0
ATCTA,2172,269,5516,4971,3452,2792,2932,3011,2685,1996,2045,2303,2983,3111,1344,1933,2047,1619,2645,1044,1792,956,557,727,0,0
ATCTC,4074,293,10475,7503,5767,3969,4594,5133,4741,3236,4002,3976,5828,5632,1843,3424,3810,4284,6085,1585,6046,2169,964,2052,0,0
ATCTG,4890,413,12787,9982,7415,5072,5939,6490,6055,4159,4984,5236,7266,6854,2548,4045,4669,4999,6994,2127,6362,2708,1279,2428,0,0
ATCTT,5090,455,12872,11013,7801,5829,6414,6721,6366,4499,5070,5290,6856,7053,2830,4471,5022,4247,6236,2327,5475,2500,1258,1920,0,0
ATTAA,3154,419,8303,8600,5605,5073,5090,4870,4396,3364,3179,3915,3928,4990,2488,2948,2983,2192,3306,1922,1923,1283,862,789,0,0
ATTAC,2173,325,5457,5403,3783,3140,3258,3314,2900,2230,2139,2502,2839,3354,1500,2044,2073,1730,2533,1212,2181,975,587,733,0,0
ATTAG,1840,180,4641,4419,2856,2457,2561,2672,2251,1806,1702,1976,2311,2765,1266,1614,1635,1299,2065,1005,1297,771,445,489,0,0
ATTAT,3277,545,7901,8390,5417,5112,4898,4762,4287,3359,3013,3675,3996,4949,2326,2974,3010,2223,3240,1778,2098,1224,776,768,0,0
ATTCA,4067,420,10243,9123,6354,5234,5525,5613,5153,3838,4049,4326,5126,5897,2483,3426,3537,3126,4574,1942,5950,1877,969,1289,0,0
ATTCC,3560,292,9095,7260,5357,3944,4352,4816,4475,3014,3414,3770,4806,5055,1901,2971,3366,3040,4634,1530,4530,1740,839,1392,0,0
ATTCG,830,60,2077,1606,1140,836,1016,1067,957,727,773,835,1020,1099,431,672,703,788,1022,345,1190,426,177,373,0,0
ATTCT,4662,431,11853,10622,7539,6145,6426,6660,6296,4318,4660,5124,6301,6887,2863,4090,4432,3782,5656,2306,5632,2204,1180,1573,0,0
ATTGA,3279,329,7857,6985,4887,3785,4226,4159,3859,2766,2996,3366,4115,4600,1858,2643,2886,2402,3704,1558,2860,1521,730,1040,0,0
ATTGC,2614,252,6718,5323,4019,2902,3096,3400,2931,2283,2336,2649,3471,3641,1423,2033,2297,2085,3052,1087,2560,1188,601,969,0,0
ATTGG,2952,209,7028,5778,4072,3009,3271,3639,3342,2349,2570,2726,3848,4029,1429,2200,2401,2338,3388,1201,2914,1328,599,1127,0,0
ATTGT,3090,312,7801,6905,4918,4066,4204,4203,3844,2804,3043,3520,4220,4637,1918,2579,2861,2476,3416,1532,2720,1418,713,1055,0,0
ATTTA,3535,369,9289,10311,6392,5736,5774,5775,5133,4097,3553,4573,4473,5805,2915,3515,3634,2541,3870,2229,2725,1524,1003,859,0,0
ATTTC,5028,518,12356,11687,7942,6590,7076,7126,6576,4784,4920,5702,6256,7449,3198,4270,4625,4018,5818,2589,4916,2410,1311,1640,0,0
ATTTG,4123,444,10090,9794,6353,5722,5504,5731,5255,3858,4064,4665,5329,6085,2724,3449,3823,3228,4528,2131,4301,1917,998,1252,0,0
ATTTT,7177,952,18150,19112,12616,11441,11292,11134,10067,7764,7231,9070,8988,11463,5679,6899,6825,5216,7678,4425,5157,3212,2109,1942,0,0
CACAA,3698,349,9579,7968,5923,4544,4651,5080,4937,3264,3888,4177,5817,5539,1994,3108,3513,3798,5108,1677,4870,2131,943,1789,0,0
CACAC,3573,213,10673,7316,6149,3776,4438,4973,5641,3607,4534,4223,6717,5326,1695,3237,3820,5718,6933,1541,9812,2934,1294,2680,0,0
CACAG,6566,465,19725,12801,10918,6440,7754,8803,9481,5974,8073,7113,12161,9580,2860,6101,7064,9698,12012,2667,13152,4782,2147,4934,0,0
CACAT,3788,258,10042,8171,6235,4473,4989,5113,5208,3462,4219,4201,6056,5600,1961,3254,3842,4239,5491,1812,8470,2291,966,2009,0,0
CACCA,6282,546,17260,11424,9675,5567,7150,7975,8457,5451,6819,6349,10739,8776,2618,5105,6028,8711,11230,2332,12505,4332,1760,4229,0,0
CACCC,4461,240,13089,7353,6514,3131,4251,5448,6283,3676,5429,4385,8707,6422,1401,3664,4347,8188,9879,1319,13034,3631,1325,3950,0,0
CACCG,1959,91,5633,3448,2768,1725,2407,2599,3050,2075,2467,2239,3639,2700,796,1769,1844,3833,4002,791,5839,1706,708,1927,0,0
CACCT,5868,456,17146,10713,8852,4791,6560,7379,8004,5077,7032,5928,10717,8523,2229,5299,5913,9442,11528,2082,13749,4523,1765,4596,0,0
CACGA,1376,127,3498,2439,1971,1241,1639,1558,1864,1245,1486,1472,2092,1690,616,1163,1298,2193,2353,565,3114,1030,492,1027,0,0
CACGC,1496,60,4489,2715,2314,1386,1867,1839,2430,1669,2000,1769,2862,1962,652,1437,1497,3139,3204,612,5109,1488,681,1540,0,0
CACGG,2005,102,5950,3801,3124,1780,2403,2597,3151,2078,2819,2295,3991,2778,922,1878,1979,4297,4562,845,6260,1929,888,2056,0,0
CACGT,1467,72,4329,3009,2175,1601,1871,1951,2185,1601,1896,1780,2654,2093,834,1461,1424,2832,3152,593,4113,1266,645,1375,0,0
CACTA,2101,167,4850,3987,3029,2181,2414,2569,2381,1588,1862,1947,2841,2595,1034,1713,1809,1704,2479,848,2345,886,405,836,0,0
CACTC,3574,223,10189,6754,5518,3388,3936,4791,4945,3160,4068,3625,6116,5305,1398,3259,3692,5330,6452,1320,8299,2613,1031,2572,0,0
CACTG,5883,452,16778,11625,9254,5675,6839,7517,7576,4974,6612,6003,9821,8401,2463,5185,5885,7575,9654,2246,11302,3864,1584,3993,0,0
CACTT,4054,328,10598,8576,6243,4647,4993,5460,5349,3554,4184,4436,5861,5783,2222,3520,3836,4459,5586,1757,5258,2309,1106,1978,0,0
CATAA,2586,315,6378,5910,4051,3570,3411,3602,3393,2415,2477,2761,3330,3560,1663,2151,2350,1743,2681,1287,2911,1093,622,735,0,0
CATAC,2316,223,5665,4707,3531,2664,2883,2942,2893,2008,2304,2244,3037,3184,1222,1834,2134,1955,2804,966,3748,1104,502,914,0,0
CATAG,2743,160,6617,4848,3817,2685,3135,3342,3115,2102,2394,2438,3900,3532,1187,2070,2244,2272,3362,977,3613,1275,651,1164,0,0
CATAT,2692,363,6605,6103,4163,3494,3565,3587,3322,2454,2521,2915,3378,3862,1771,2298,2331,1732,2891,1319,2653,1093,630,738,0,0
CATCA,6076,411,14991,11514,8976,6027,6900,7207,7015,4843,5893,6000,8669,8023,2777,4762,5507,6203,8308,2427,8300,3274,1411,2938,0,0
CATCC,4885,319,13683,8777,7456,4320,5505,6171,6189,3860,5394,4919,8348,6939,1881,3968,4581,6851,8494,1820,9742,3401,1233,3467,0,0
CATCG,1543,66,4220,3093,2317,1532,1852,1920,2143,1418,1808,1695,2631,2106,738,1270,1410,2570,2987,679,3649,1283,522,1315,0,0
CATCT,5993,488,15768,11734,9043,5939,7079,7744,7301,4800,6179,6036,9147,8165,2821,5131,5827,6400,8842,2550,8528,3370,1535,3096,0,0
CATGA,3962,294,10681,7893,6287,4339,4679,5197,4825,3454,4227,4180,6251,5706,2005,3385,3841,4289,5924,1654,6283,2436,974,2250,0,0
CATGC,3384,236,8791,6363,5028,3100,3612,4189,3926,2935,3577,3291,5266,4388,1464,2676,3195,4159,5279,1318,5752,2157,862,2259,0,0
CATGG,5064,304,14119,9239,7704,4290,5336,6436,6068,4174,5688,4953,8596,6741,2017,4234,4727,6470,8422,1909,9170,3530,1334,3483,0,0
CATGT,3621,367,9878,7731,5883,4115,4490,4843,4568,3348,4014,3760,5649,5143,1904,3187,3564,4089,5341,1672,5571,2269,986,1961,0,0
CATTA,2690,328,6868,6499,4400,3761,3871,3909,3498,2621,2537,2968,3435,4014,1858,2367,2563,2005,3009,1463,2244,1088,691,778,0,0
CATTC,3741,362,9846,7717,5984,4455,4748,5155,4916,3374,3979,4073,5402,5523,1951,3209,3635,3781,5105,1690,6723,2061,923,1646,0,0
CATTG,4110,274,10083,8032,6128,4168,4805,5003,4548,3224,3921,4029,5703,5681,1992,3216,3589,3667,5191,1661,4596,2134,839,1735,0,0
CATTT,5471,666,13416,13141,9012,7566,7908,7949,7336,5347,5567,6574,7182,8282,3787,4738,5082,4558,6357,3014,5970,2702,1467,1683,0,0
CCCAA,4189,229,10701,7095,5721,3445,4338,5195,4896,3163,4173,3827,6671,5643,1639,3304,3815,4955,6641,1403,7099,2553,931,2493,0,0
CCCAC,5093,226,15210,8459,7610,3568,5172,6311,7127,4398,6273,5142,10037,7324,1630,4263,5180,9063,11113,1495,15729,4160,1422,4501,0,0
CCCAG,8229,362,24623,13854,11847,5748,8390,10181,11693,7007,10131,8201,15733,11567,2723,7125,8339,14226,17627,2390,22705,6617,2306,7262,0,0
CCCAT,3778,225,10540,6768,5741,3164,3969,4763,4593,3009,4183,3626,6484,5280,1472,3016,3686,4926,6462,1270,7365,2467,909,2506,0,0
CCCCA,6381,246,19329,10499,9076,4184,6254,8171,8751,5181,7690,6162,12540,9401,1951,5342,6649,11271,14284,1802,19036,5052,1725,5579,0,0
CCCCC,4364,96,13493,6981,5736,2726,4038,5702,6453,3904,5380,4414,8939,6584,1413,3764,4287,8522,11048,1302,16338,3751,1360,4194,0,0
CCCCG,2778,78,8739,4967,3650,2525,3234,3756,4920,3106,4154,3469,5925,4031,1321,2669,2749,6588,7242,1223,11721,2778,1178,3105,0,0
CCCCT,4739,218,14539,7801,6577,3222,4481,6196,6638,3787,5638,4676,9182,6883,1509,4077,4834,8134,10409,1296,13867,3844,1328,4162,0,0
CCCGA,1832,106,4908,2999,2302,1474,1888,2194,2546,1717,2232,1862,3026,2349,720,1558,1638,3148,3724,705,5121,1413,539,1530,0,0
CCCGC,2730,79,8640,4956,3680,2416,3280,3534,4502,3086,3886,3224,5640,3704,1148,2573,2921,6176,6962,1175,11050,2803,1038,3176,0,0
CCCGG,3059,86,9763,5690,4283,2840,3615,4138,5118,3322,4423,3932,6351,4399,1427,2938,3034,6437,7588,1323,11321,3029,1186,3313,0,0
CCCGT,1361,70,4046,2411,1922,1204,1533,1731,2122,1314,1950,1513,2626,1971,636,1264,1392,2764,3129,546,4463,1219,583,1263,0,0
CCCTA,1989,126,5555,3339,2762,1531,2028,2531,2445,1471,2060,1867,3163,2722,709,1628,1844,2425,3437,607,4585,1168,403,1159,0,0
CCCTC,5217,289,15693,8836,7327,3680,5271,6846,7247,4360,6296,5055,10001,7691,1609,4405,5368,9302,11193,1578,14879,4239,1461,4516,0,0
CCCTG,6887,326,21038,11729,10069,5022,6913,8747,9826,6164,8708,7092,13293,9745,2292,5966,7010,12396,15012,2063,19437,5812,2160,6394,0,0
CCCTT,4277,266,11567,7355,5902,3512,4326,5289,5305,3201,4334,3965,6623,5886,1622,3442,3920,5443,7219,1377,8108,2590,968,2539,0,0
CCTAA,1961,178,5049,4124,2856,2252,2461,2602,2352,1720,1788,2088,2661,2850,1098,1619,1834,1681,2618,897,2083,955,457,726,0,0
CCTAC,2442,151,7063,4528,3712,2161,2743,3030,3291,2031,2630,2495,4124,3457,991,2083,2303,3273,4270,879,4980,1601,617,1530,0,0
CCTAG,2010,156,5072,3460,2798,1617,2157,2385,2329,1374,2032,1874,2982,2658,739,1570,1852,2284,3123,643,3180,1165,374,1080,0,0
CCTAT,2108,171,5092,3745,3005,2070,2447,2468,2233,1529,1786,1962,2884,2710,998,1590,1611,1561,2567,750,2703,870,409,738,0,0
CCTCA,6004,410,16806,10268,9060,4685,6330,7603,7782,4568,6780,5706,10324,8361,2151,4967,5837,8850,10930,1900,12883,4151,1501,4284,0,0
CCTCC,8180,472,23461,13359,10818,6094,8011,10085,10921,6924,9262,7785,14175,11277,2764,6928,8304,13047,16958,2615,21177,6153,2388,6737,0,0
CCTCG,2437,109,6472,4227,3246,2106,2747,2981,3494,2398,3004,2694,4109,3070,972,2159,2358,4419,4911,901,7133,2182,753,2240,0,0
CCTCT,6594,468,17723,11506,9271,5452,6767,8301,8198,5320,6762,6371,10738,8970,2379,5459,6774,8809,11334,2225,12462,4323,1633,4336,0,0
CCTGA,5909,567,16666,10513,8288,4857,6322,7445,7255,4668,6145,5684,9344,7859,2353,4804,5532,7766,9804,2107,10553,3780,1563,3834,0,0
CCTGC,6983,358,22024,12601,10616,5709,7573,8792,10182,7074,9196,7433,13986,10066,2521,6269,7653,13299,15972,2377,19126,6241,2497,6797,0,0
CCTGG,9286,347,27648,15862,13344,6725,9200,11415,12823,8064,11356,9171,16880,12601,3308,7872,9319,15873,19440,2747,24169,7503,2720,8177,0,0
CCTGT,5186,464,14632,9894,8185,4832,6172,6851,7070,4595,6145,5501,8809,7641,2274,4516,5494,7555,9192,1963,10128,3515,1614,3524,0,0
CCTTA,2559,215,6351,5057,3628,2590,2978,3288,3084,1992,2272,2541,3280,3431,1317,2040,2292,2243,3358,1008,4489,1293,548,946,0,0
CCTTC,6268,389,18263,11737,9165,5513,6893,8076,8283,5469,7062,6649,10360,9058,2603,5444,6265,8638,11137,2241,13017,4349,1710,4270,0,0
CCTTG,4994,275,13359,8937,7169,4352,5482,6308,6031,4011,5446,4963,7805,7002,1918,4191,4655,6310,8565,1786,9249,3458,1206,3261,0,0
CCTTT,5423,519,14329,11243,8288,5920,6617,7282,6714,4630,5685,5908,7451,7763,2896,4643,5188,5199,7474,2332,7190,2858,1411,2399,0,0
CGCAA,906,55,2167,1490,1192,782,908,1144,1064,766,916,907,1374,1135,371,719,764,1266,1466,331,1711,615,227,606,0,0
CGCAC,1238,41,3535,2221,1850,1101,1556,1466,2084,1376,1665,1443,2375,1634,552,1234,1340,2599,2704,537,4173,1211,500,1261,0,0
CGCAG,2458,111,7034,4391,3515,2268,2733,3050,3755,2727,3370,2788,4716,3126,1057,2173,2479,5031,5353,968,7847,2396,945,2537,0,0
CGCAT,992,80,2394,1644,1335,771,979,1231,1237,781,1071,946,1455,1184,383,725,905,1459,1780,365,2225,686,293,756,0,0
CGCCA,2133,123,5732,3665,2906,1796,2567,2463,3046,2062,2629,2226,3598,2740,879,1837,1970,3858,4349,862,6193,1860,701,1993,0,0
CGCCC,2360,73,7314,4389,3051,2221,3029,3149,4061,2751,3429,2863,4906,3289,1055,2124,2340,5394,5835,1071,9805,2531,986,2680,0,0
CGCCG,2040,74,6157,3923,2633,2171,2739,2867,3403,2356,2863,2636,3737,2672,1105,2053,2045,4047,4399,1062,6994,2217,678,2059,0,0
CGCCT,2216,116,5918,3752,2860,1860,2475,2662,3149,2111,2657,2286,3786,2693,889,1859,2180,3830,4560,843,6756,1905,739,2030,0,0
CGCGA,602,12,1556,994,697,528,804,743,879,579,740,565,926,719,283,528,566,1042,1113,277,1840,532,200,548,0,0
CGCGC,1242,14,3940,2743,1860,1484,2064,1668,2421,1853,2005,1878,2539,1599,762,1261,1471,2723,2887,821,5235,1544,507,1625,0,0
CGCGG,1475,21,4714,3040,2015,1743,2314,2163,2667,1974,2343,2083,2921,1959,887,1462,1630,3351,3451,863,5839,1701,663,1793,0,0
CGCGT,552,11,1651,1093,809,576,884,724,972,745,743,703,1020,690,316,551,558,1221,1167,257,2038,598,291,601,0,0
CGCTA,604,28,1465,962,757,470,655,708,776,430,568,578,947,709,240,470,484,767,983,208,1169,387,129,359,0,0
CGCTC,1703,74,5464,3333,2424,1565,2307,2340,2769,1863,2194,2039,3338,2457,748,1747,1905,3691,4026,767,5466,1637,583,1791,0,0
CGCTG,2727,100,8449,5097,4160,2521,3541,3444,4408,3038,3647,3188,5271,3741,1197,2670,2903,5568,6257,1154,8854,2684,996,2861,0,0
CGCTT,1312,58,3472,2400,1890,1190,1419,1761,1792,1200,1432,1424,2075,1728,564,1146,1202,2018,2380,513,2853,1011,383,1023,0,0
CGTAA,621,42,1482,1299,919,639,786,804,811,525,560,667,792,832,344,467,503,598,808,272,726,320,171,286,0,0
CGTAC,595,34,1706,1237,881,616,819,805,874,632,741,661,983,882,292,580,703,944,1192,223,1362,494,209,461,0,0
CGTAG,884,35,2383,1584,1248,761,968,1057,1247,797,983,909,1549,1165,406,803,803,1353,1667,335,2169,659,315,732,0,0
CGTAT,554,67,1349,1156,808,621,684,740,732,485,541,571,677,752,323,468,587,539,756,233,796,308,159,240,0,0
CGTCA,1278,86,3491,2344,1812,1224,1435,1625,1769,1162,1445,1368,2107,1726,576,1124,1145,2270,2327,508,3073,985,476,1065,0,0
CGTCC,1512,65,4762,2888,2145,1551,2034,2040,2428,1811,2256,1909,2886,2263,790,1516,1558,3309,3666,714,5239,1542,709,1663,0,0
CGTCG,831,39,2027,1346,1015,758,944,944,1146,785,979,819,1324,1005,339,767,719,1328,1525,372,2184,726,293,676,0,0
CGTCT,1396,68,3971,2553,2019,1285,1686,1798,1981,1347,1752,1597,2417,2015,722,1159,1445,2450,2772,613,3585,1080,530,1132,0,0
CGTGA,1344,95,3507,2452,2045,1299,1604,1710,1898,1165,1499,1392,2146,1828,630,1208,1233,2189,2378,526,3290,1048,558,1080,0,0
CGTGC,1464,55,4252,2713,2276,1284,1766,1759,2318,1666,2014,1793,2857,1960,687,1384,1558,3209,3286,631,4594,1459,694,1496,0,0
CGTGG,2275,119,6781,4257,3356,2045,2813,2797,3532,2443,3050,2572,4396,3051,1048,2193,2157,4715,5103,890,7312,2162,905,2254,0,0
CGTGT,1259,90,3698,2521,1897,1379,1588,1680,1871,1313,1620,1547,2189,1659,649,1155,1234,2326,2490,560,3363,1041,537,1159,0,0
CGTTA,557,61,1177,973,658,558,678,640,615,444,457,458,596,610,283,381,465,474,611,235,564,242,153,214,0,0
CGTTC,1135,102,2834,2166,1507,1104,1388,1464,1538,952,1196,1139,1646,1514,565,1016,1010,1556,1888,479,2255,814,366,769,0,0
CGTTG,1102,67,2771,2043,1572,1129,1513,1411,1528,1016,1248,1223,1748,1525,511,971,1022,1614,1975,483,2334,806,356,794,0,0
CGTTT,1173,88,2755,2322,1541,1297,1406,1516,1531,1069,1168,1310,1364,1516,691,957,977,1198,1450,529,1460,668,346,508,0,0
CTCAA,3775,309,9594,7138,5616,3673,4313,4729,4654,2997,3889,3759,5355,5105,1778,3146,3384,4140,5418,1480,5654,2135,862,1878,0,0
CTCAC,4616,346,14188,8843,7266,4168,5305,6163,6693,3973,5616,4909,8734,7103,1836,4253,4995,7679,9092,1632,12097,3571,1513,3725,0,0
CTCAG,6360,382,18214,11046,9360,5308,6867,8261,8045,5085,6938,6148,10849,8779,2379,5292,6206,9123,11313,2136,12378,4230,1704,4410,0,0
CTCAT,4450,292,11840,8212,6510,4225,4935,5584,5226,3581,4527,4322,6505,6106,1883,3591,4152,4809,6626,1606,7231,2574,975,2363,0,0
CTCCA,7484,540,21924,13802,10956,6782,8203,9799,10154,6528,8412,7498,12768,11128,2849,6689,7822,10483,13975,2700,16391,5247,2037,5414,0,0
CTCCC,5921,262,17973,10285,8222,4404,6136,7910,8561,5122,7176,5924,11046,8590,2066,5200,6259,10256,12984,1970,16779,4553,1701,5128,0,0
CTCCG,2380,130,6615,4039,3091,2053,2622,2948,3407,2298,2942,2677,4010,3117,966,1979,2325,4257,5090,949,6663,1995,828,2067,0,0
CTCCT,8406,472,23313,14290,11352,6688,8604,10581,10777,6991,9080,8187,13575,11598,3096,6955,9134,11707,15333,2750,17564,5715,2391,5921,0,0
CTCGA,1346,83,3340,2398,1952,1213,1565,1609,1713,1111,1428,1332,1991,1758,609,1109,1276,1989,2307,491,2747,1065,362,971,0,0
CTCGC,1677,67,4545,3062,2234,1509,2018,2167,2531,1694,1953,1851,2872,2121,740,1539,1613,3011,3359,658,4874,1515,538,1517,0,0
CTCGG,2467,91,6896,4235,3273,2151,2922,3057,3622,2469,3121,2587,4275,3223,990,2211,2366,4626,5192,1009,6845,2199,805,2199,0,0
CTCGT,1413,110,3736,2567,1895,1283,1617,1680,1935,1329,1709,1548,2224,1926,642,1254,1435,2205,2560,553,3337,1117,454,1147,0,0
CTCTA,2641,241,6854,5196,3932,2697,3222,3483,3206,2167,2537,2637,3748,3731,1267,2305,2494,2570,3643,1061,3472,1415,647,1240,0,0
CTCTC,5734,296,15287,10155,7939,4954,6122,7333,7552,4669,6021,5580,9058,8238,2194,4679,6064,7232,9572,2055,12254,3585,1438,3659,0,0
CTCTG,7186,493,20491,13418,10718,6411,8254,9432,9469,5912,8266,7510,12232,10274,2932,6302,7391,9973,13075,2726,14081,5026,2069,4911,0,0
CTCTT,6349,431,16833,12305,9458,6607,7205,8296,7543,5265,6050,6439,9071,8867,3024,5436,6099,6600,9008,2555,8510,3488,1501,3162,0,0
CTTAA,2385,258,6126,5791,3819,3127,3393,3426,2977,2222,2320,2709,2956,3544,1658,2216,2150,1832,2843,1226,2071,1118,638,724,0,0
CTTAC,3304,299,8612,7178,5222,3921,4332,4522,4464,3108,3277,3830,4430,5020,1796,2803,3155,3061,4451,1538,4786,1815,849,1282,0,0
CTTAG,1933,138,4857,3845,2831,2039,2209,2521,2219,1607,1800,1919,2596,2699,1008,1622,1762,1759,2497,792,2090,919,429,747,0,0
CTTAT,2553,294,6201,5293,3777,3009,3203,3340,3076,2174,2259,2559,3189,3462,1477,2120,2299,1750,2676,1168,3128,1008,538,712,0,0
CTTCA,6978,500,19003,14349,10760,7490,8563,9239,9025,6145,7293,7512,10461,9938,3598,6161,6645,7420,10308,3069,10412,4006,1808,3590,0,0
CTTCC,7036,411,20159,13107,10481,6234,7826,9125,9165,6029,7729,7385,11298,9961,2998,6080,7120,9720,12257,2635,13473,4835,1952,4644,0,0
CTTCG,1738,110,4486,3085,2416,1677,1990,2113,2300,1540,1954,1809,2642,2270,833,1442,1596,2289,3065,639,3779,1280,550,1253,0,0
CTTCT,8490,643,23772,16649,12746,8607,9878,11418,10797,7355,8727,8820,12559,12122,3979,7369,8642,9293,12869,3382,12493,5103,2164,4793,0,0
CTTGA,4022,274,10746,8215,6082,4371,5017,5382,4872,3346,4403,4186,5599,5636,2081,3485,3617,4422,5843,1799,5510,2331,1028,2020,0,0
CTTGC,3832,255,10058,7138,5525,3664,4090,4774,4689,3258,3928,3813,5783,5115,1660,3218,3576,4643,6166,1487,6172,2457,1090,2198,0,0
CTTGG,5244,315,14553,9506,7678,4719,5706,6748,6355,4379,5579,5324,8239,7241,2097,4450,5135,6636,8825,1876,8904,3551,1305,3431,0,0
CTTGT,3995,341,10346,8260,6287,4357,4812,5420,5138,3354,4134,4241,5874,5800,1983,3383,3945,4120,5896,1678,5744,2391,1053,2153,0,0
CTTTA,3544,374,8850,8684,5850,4885,5038,5132,4518,3433,3533,4044,4558,5187,2341,3220,3479,2750,4104,1794,3465,1621,904,1146,0,0
CTTTC,5984,526,14923,11956,8732,6434,6957,7914,7132,5039,5973,6202,7769,8335,3095,4951,5486,5534,7890,2540,7691,3035,1465,2516,0,0
CTTTG,5821,420,14722,12000,8938,6231,6876,7498,7189,4782,6002,5937,8397,8063,2946,4880,5517,5895,7890,2407,7446,3190,1343,2744,0,0
CTTTT,6797,704,17766,15959,10940,9151,9483,9772,9021,6456,6916,8061,8549,10193,4494,6092,6362,5616,7906,3529,6220,3306,1840,2256,0,0
GACAA,3522,274,9555,7213,5361,3855,4594,4628,4536,2925,3852,3785,5243,5375,1835,2914,3303,3734,4984,1561,4639,2130,907,1874,0,0
GACAC,3167,191,8881,5899,4845,3096,3683,4046,4364,2736,3596,3364,5145,4280,1340,2829,3068,4823,5493,1222,6512,2240,931,2291,0,0
GACAG,4429,273,13779,9027,7190,4471,5630,6382,6249,4171,5596,4941,7875,7059,2070,4074,4762,6556,8480,1910,9241,3146,1423,3379,0,0
GACAT,3473,282,9150,6955,5304,3833,4231,4431,4299,3059,3586,3491,5127,4807,1786,2828,3116,3724,4979,1505,5280,2014,946,1699,0,0
GACCA,3756,214,9975,6898,5539,3416,4248,4884,4705,2990,4093,3668,6022,5140,1537,3032,3517,4862,6292,1351,7115,2567,1104,2486,0,0
GACCC,3305,167,9913,5706,4554,2499,3486,4223,4541,2963,4078,3350,6036,4540,1164,2707,3302,5640,6842,1059,9894,2623,1014,2902,0,0
GACCG,1226,49,3408,2108,1702,1103,1433,1570,1613,1131,1467,1270,2183,1576,540,981,1042,1972,2402,436,3211,1020,385,1089,0,0
GACCT,3542,261,10109,6495,5402,3190,4065,4555,4671,3028,4106,3789,6147,4971,1516,3137,3553,5162,6853,1278,8016,2560,964,2738,0,0
GACGA,1333,68,3404,2365,1793,1315,1544,1607,1763,1194,1513,1393,2092,1836,632,1071,1249,1929,2388,592,3017,979,426,1029,0,0
GACGC,1193,45,3420,2164,1702,1126,1559,1532,1857,1347,1597,1372,2155,1613,640,1141,1249,2690,2550,539,3950,1168,524,1146,0,0
GACGG,1395,52,4306,2547,1963,1261,1729,1851,2157,1490,1967,1659,2718,2058,615,1361,1439,2844,3141,633,4401,1289,614,1436,0,0
GACGT,1098,93,3138,2073,1540,1124,1272,1423,1539,1065,1369,1276,1776,1502,540,994,938,1905,2216,444,2718,908,450,935,0,0
GACTA,1464,114,3665,2999,2247,1526,1820,1998,1671,1168,1394,1509,2095,2122,720,1308,1346,1371,1963,637,1750,816,303,692,0,0
GACTC,3078,209,8899,5555,4329,2801,3475,3989,4029,2442,3393,3128,4965,4363,1300,2701,2973,3975,5252,1180,6132,1982,843,1904,0,0
GACTG,3747,200,10360,7016,5530,3464,4191,4861,4667,2951,3951,3660,5884,5028,1601,3072,3593,4539,5934,1416,6231,2299,998,2173,0,0
GACTT,3408,209,9304,7083,5328,3609,4190,4551,4329,3001,3581,3685,4740,4779,1776,2900,3225,3680,4972,1522,5052,2106,890,1753,0,0
GATAA,2546,378,6256,5682,4035,3305,3435,3600,3164,2295,2297,2738,3336,3671,1550,2284,2320,2182,2779,1289,2270,1113,595,743,0,0
GATAC,1800,198,4542,3659,2759,1912,2277,2402,2288,1553,1770,1819,2413,2613,982,1493,1721,1496,2188,803,1839,895,450,670,0,0
GATAG,1730,146,4395,3366,2570,1824,2055,2238,2039,1263,1514,1720,2431,2377,947,1425,1554,1415,2263,743,1816,782,394,633,0,0
GATAT,2409,352,5699,5527,3676,3181,3384,3189,2859,2199,2176,2680,3083,3410,1534,2143,2247,1730,2607,1185,1934,1008,542,692,0,0
GATCA,3020,278,7924,5985,4618,3215,3714,3906,3845,2598,3131,3295,4406,4293,1612,2568,2795,3135,4436,1278,4058,1674,706,1557,0,0
GATCC,3060,185,8222,5359,4103,2816,3376,3873,3733,2458,3121,2909,4660,4164,1290,2434,2720,3544,4809,1017,5176,1893,718,1798,0,0
GATCG,851,70,2087,1457,1186,855,1023,1069,1104,688,843,892,1283,1174,389,683,745,1109,1456,410,1616,609,248,560,0,0
GATCT,3549,288,9268,6650,4946,3446,3869,4304,4110,2983,3531,3523,4958,4921,1643,2889,3354,3717,5412,1329,5011,2025,866,1821,0,0
GATGA,5788,439,14729,10871,8361,5824,6611,7118,6689,4494,5602,5647,8351,7741,2606,4718,5189,6172,8086,2328,7872,3188,1346,2921,0,0
GATGC,3620,227,9908,6948,5576,3480,4201,4600,4498,2991,3883,3779,6022,4966,1564,3006,3339,4656,6104,1509,6384,2475,1029,2472,0,0
GATGG,5154,373,13832,9461,7646,4321,5686,6304,6403,4122,5587,5006,8258,6989,2115,4195,4932,6794,8636,1935,9462,3300,1263,3303,0,0
GATGT,3919,232,10159,7827,6182,4204,4838,5011,5049,3294,4171,4209,6132,5520,1936,3184,3863,4370,5813,1703,6466,2357,1045,2096,0,0
GATTA,1859,250,4692,4198,3028,2508,2649,2589,2306,1711,1809,2043,2461,2730,1225,1576,1710,1565,2125,949,1564,834,451,610,0,0
GATTC,3019,188,7106,5867,4278,3185,3616,3907,3534,2515,2716,2998,3757,3939,1557,2399,2682,2364,3675,1240,3359,1461,736,1122,0,0
GATTG,2465,184,5883,4587,3461,2531,2722,2969,2823,1885,2153,2401,3159,3265,1117,1813,2098,2059,2879,958,2493,1136,561,957,0,0
GATTT,3874,408,9649,9152,6167,5194,5450,5617,5039,3743,3910,4514,4904,5621,2604,3287,3657,3022,4486,1991,3734,1835,1051,1322,0,0
GCCAA,4088,283,10613,7392,5749,3771,4448,4889,4733,3237,4027,4098,5938,5349,1604,3125,3861,4641,6003,1469,5758,2494,969,2314,0,0
GCCAC,5009,279,13645,8542,7283,4086,5478,5793,6790,4152,5924,4810,8871,6590,1815,4321,4808,7816,9259,1719,12334,3874,1469,3963,0,0
GCCAG,6705,299,19286,11508,9456,4961,6938,7762,8801,5647,7983,6712,12117,8760,2282,5598,6815,10625,13149,2193,15105,5260,1985,5507,0,0
GCCAT,4292,276,11148,7703,6242,3601,4580,5158,5060,3481,4606,4296,6889,5656,1753,3455,4041,5371,6832,1638,6990,2792,1122,2678,0,0
GCCCA,5395,235,15557,8965,7945,3820,5498,6367,7228,4619,6640,5215,10462,7219,1839,4603,5366,9230,11086,1597,13699,4494,1486,4916,0,0
GCCCC,5346,168,16981,8954,7535,3752,5361,6958,8267,4951,7245,5736,11500,7607,1748,4841,5575,11258,13327,1674,18984,4964,1717,5434,0,0
GCCCG,2713,69,8315,4926,3698,2282,3083,3418,4268,3026,3744,3168,5417,3627,1120,2585,2740,5540,6551,1077,9626,2742,951,2975,0,0
GCCCT,4935,271,14925,8349,7260,3582,4992,6044,6779,4474,6215,4940,9541,6803,1591,4294,5003,8824,10327,1524,13387,4040,1426,4380,0,0
GCCGA,1675,69,4570,2967,2186,1484,1922,2065,2389,1640,2027,1773,2925,2206,684,1518,1626,2969,3465,687,4506,1549,523,1472,0,0
GCCGC,3437,96,9944,6060,4439,3099,4139,4472,5453,3795,4735,3936,6277,4306,1569,3186,3307,6829,7441,1553,11367,3480,1182,3434,0,0
GCCGG,2557,72,8512,4892,3760,2373,3103,3437,4454,3077,3873,3351,5436,3747,1223,2537,2673,5849,6450,1113,9456,2775,1064,2784,0,0
GCCGT,1463,84,4418,2859,2110,1359,1850,1986,2241,1580,2027,1776,2837,2091,696,1492,1514,3052,3227,619,4460,1489,601,1458,0,0
GCCTA,1853,119,4459,3119,2597,1462,1911,2059,1907,1318,1678,1662,2646,2192,655,1338,1580,1972,2704,564,2561,977,384,984,0,0
GCCTC,5719,412,15428,9325,7767,4238,5640,6777,7568,4811,6387,5443,9729,7303,1889,4921,5832,9239,11289,1740,13806,4448,1568,4745,0,0
GCCTG,6573,366,18948,10959,9184,4782,6570,7554,8710,5732,7720,6326,11713,8385,2243,5344,6251,11262,13179,2045,15577,5117,1993,5619,0,0
GCCTT,4379,347,11622,7813,6252,3870,4771,5503,5287,3681,4726,4493,6670,5813,1815,3607,3965,5402,7200,1623,9050,2906,1118,2712,0,0
GCTAA,1693,143,4151,3732,2555,1937,2050,2233,2011,1498,1629,1805,2150,2405,959,1419,1605,1401,2131,788,1633,803,440,612,0,0
GCTAC,2059,147,5636,3878,3096,1975,2371,2644,2608,1718,2120,2072,3236,2889,927,1815,2069,2354,3346,771,3211,1272,561,1212,0,0
GCTAG,1436,120,3617,2499,2082,1246,1582,1627,1567,994,1288,1352,2054,1917,564,1173,1330,1328,2034,502,1810,714,303,712,0,0
GCTAT,1985,129,4772,3839,2855,2032,2305,2364,2254,1536,1643,1808,2661,2617,992,1591,1643,1527,2290,773,1864,912,495,742,0,0
GCTCA,4189,235,12659,7997,6361,3750,4998,5481,5749,3717,4836,4491,7732,6099,1795,3836,4363,6757,8253,1568,9360,3154,1300,3374,0,0
GCTCC,5574,309,16822,9860,7938,4517,6073,7260,7893,5191,6765,5850,10336,7954,2041,5011,6257,9503,11745,1971,13618,4519,1755,4912,0,0
GCTCG,1591,70,4415,3002,2258,1468,1979,1986,2425,1702,2037,1761,2799,2150,742,1502,1721,3187,3360,656,4299,1553,558,1445,0,0
GCTCT,4778,204,13995,9188,7127,4397,5534,6309,6411,4155,5457,5056,8142,6886,1949,4227,5013,6696,8733,1838,8609,3378,1422,3337,0,0
GCTGA,5245,333,15647,10193,8324,4914,6120,7002,7175,4722,6069,5613,8900,8012,2280,4789,5491,8008,9716,2068,10007,3811,1520,3831,0,0
GCTGC,7624,380,22653,14167,11511,6668,8488,9667,10773,7438,9694,8142,14332,10829,3100,6965,8468,13072,16496,2801,17614,6550,2679,7007,0,0
GCTGG,7661,356,23933,13738,11871,6104,8655,9718,11256,7267,9920,8093,15231,11417,2726,7279,8210,13527,17247,2561,20499,6594,2408,7221,0,0
GCTGT,5018,354,15035,9736,8117,4954,6051,6710,7089,4790,6024,5405,8879,7470,2282,4555,5239,7344,9313,2134,9234,3595,1635,3732,0,0
GCTTA,1844,211,4776,3699,2796,2041,2177,2329,2247,1557,1708,1895,2490,2558,960,1552,1674,1560,2309,802,1972,904,438,701,0,0
GCTTC,5024,364,13923,9560,7479,4914,5795,6620,6601,4484,5769,5432,7962,7054,2340,4473,5040,6693,8999,2079,9337,3539,1396,3453,0,0
GCTTG,3467,217,9331,6401,5258,3314,3961,4557,4334,2993,3809,3578,5206,4682,1580,2917,3347,4364,5677,1345,5565,2315,1022,2181,0,0
GCTTT,4514,359,10938,9443,6809,5158,5487,5973,5588,3999,4478,4987,5984,6232,2429,3792,4191,4218,5984,1993,6058,2344,1128,1917,0,0
GGCAA,3717,238,9451,6891,5361,3559,3919,4639,4313,2972,3610,3512,5559,5132,1594,2943,3333,4041,5456,1392,5811,2140,893,1903,0,0
GGCAC,3725,210,10996,6591,5664,3015,3876,4403,4944,3361,4542,3868,6900,5029,1380,3222,3732,6119,7278,1276,8534,3050,1183,3215,0,0
GGCAG,6833,329,21115,12141,10357,5457,7264,8601,9552,6220,8680,7243,13226,9840,2434,6133,7373,12113,14778,2302,16777,5675,2176,6098,0,0
GGCAT,3583,239,9509,6551,5238,3350,4020,4371,4046,2831,3624,3467,5580,4753,1479,2860,3249,4128,5678,1344,5622,2331,833,2146,0,0
GGCCA,6247,266,17395,10266,8669,4250,6208,6868,8103,5119,7570,6152,11199,7779,1989,5177,5995,10001,12047,1968,14817,4948,1653,5096,0,0
GGCCC,5929,221,17408,9256,8195,3807,5326,6840,8297,5361,7598,5885,11771,7593,1795,5106,5821,11731,13102,1633,18473,5196,1618,5683,0,0
GGCCG,3146,97,9031,5470,4061,2583,3456,3834,4890,3449,4363,3596,6110,3954,1282,3001,3084,6760,7145,1276,10920,3242,1080,3181,0,0
GGCCT,5917,415,15851,9067,7899,3697,5363,6492,7638,4766,6744,5467,10225,7036,1719,4774,5352,9735,11726,1611,14605,4546,1593,5044,0,0
GGCGA,1540,69,4116,2741,2021,1397,1753,1933,2242,1478,1816,1649,2632,2046,686,1259,1391,2618,3059,623,4256,1274,495,1378,0,0
GGCGC,2291,113,7101,4493,3227,2356,3140,3038,3961,2689,3351,2890,4492,3069,1078,2193,2508,4857,5338,1131,8630,2553,867,2603,0,0
GGCGG,3588,152,10092,6061,4301,3067,4186,4456,5378,3744,4629,3952,6464,4498,1547,3213,3333,6994,7922,1516,12522,3369,1202,3519,0,0
GGCGT,1329,52,3803,2411,1897,1228,1725,1721,2077,1356,1776,1510,2444,1776,605,1213,1297,2643,2827,569,4321,1309,528,1268,0,0
GGCTA,1972,140,5115,3543,2789,1678,2176,2336,2246,1482,1776,1782,2809,2545,765,1481,1699,1984,2915,655,2869,1113,536,1034,0,0
GGCTC,4736,223,14148,8340,6564,3685,5155,5982,6518,4231,5695,4858,8830,6636,1750,4189,4937,8076,9645,1624,11577,3791,1492,4039,0,0
GGCTG,7353,374,22187,12833,11157,5708,7996,9377,10563,6614,9258,7580,14320,10365,2626,6619,7858,13044,15777,2422,18626,6077,2250,6620,0,0
GGCTT,4201,293,11029,7648,6079,3702,4744,5354,5234,3499,4508,4301,6361,5610,1765,3387,4013,5038,6816,1486,8258,2762,1176,2557,0,0
GGTAA,3490,400,8977,7599,5486,4173,4355,4741,4380,3178,3402,3734,4593,5117,1896,2969,3275,3072,4371,1587,3662,1746,892,1329,0,0
GGTAC,2059,129,5900,3989,3084,2047,2457,2642,2743,1809,2256,2038,3328,2917,963,1822,2061,2575,3315,773,3404,1410,523,1365,0,0
GGTAG,2672,193,7137,4692,3894,2228,2815,3271,3372,2056,2850,2546,4311,3700,1042,2261,2385,3299,4587,914,4516,1630,651,1654,0,0
GGTAT,2272,239,5411,4787,3337,2654,2725,2922,2759,1891,2081,2243,2877,3151,1207,1863,2031,1821,2664,958,2174,1071,491,807,0,0
GGTCA,3611,286,10316,6595,5686,3225,4131,4726,4680,2985,4117,3706,6320,5050,1446,3100,3542,5134,6693,1348,7950,2629,1051,2751,0,0
GGTCC,3546,148,10223,6275,5036,2907,3828,4511,4777,3101,4404,3652,6310,5005,1427,3008,3414,5923,7191,1161,9632,2878,1038,3016,0,0
GGTCG,1206,48,2925,1922,1522,1048,1299,1436,1548,1116,1354,1216,1991,1416,473,910,1016,1888,2305,400,3200,895,356,1062,0,0
GGTCT,3457,207,9878,6368,4937,3011,3953,4536,4505,2895,3853,3475,5734,4722,1398,2811,3432,4652,6112,1214,7416,2347,1012,2365,0,0
GGTGA,5060,439,14756,9425,7871,4248,5603,6514,6900,4328,5886,5220,8956,7521,2030,4330,4961,7534,9468,1773,11831,3722,1407,3750,0,0
GGTGC,3884,232,10911,6778,5490,3062,4214,4579,5380,3555,4662,4068,7118,5227,1494,3377,3672,6603,7673,1418,9648,3105,1248,3448,0,0
GGTGG,6407,458,18278,10693,9311,4768,6755,7973,8958,5443,7532,6220,11939,9170,2151,5394,6241,11086,13406,2050,16638,4911,1910,5267,0,0
GGTGT,3182,204,8996,5963,5039,3082,3722,4276,4501,2896,3589,3333,5693,4423,1347,2695,3188,4842,5969,1265,6828,2397,974,2174,0,0
GGTTA,1573,131,4057,3259,2430,1752,1945,2083,1980,1358,1538,1613,2206,2368,871,1378,1457,1513,2051,700,1966,811,374,678,0,0
GGTTC,2937,165,7844,5602,4135,2654,3139,3725,3562,2300,3116,2802,4383,3843,1262,2355,2629,3683,4785,1085,5279,1843,767,1796,0,0
GGTTG,2793,167,7491,5210,4329,2675,3022,3503,3635,2290,2992,2904,4885,3968,1234,2394,2720,3599,4718,1081,5144,1733,704,1744,0,0
GGTTT,3362,321,8457,7185,5143,3966,4228,4585,4330,3018,3548,3726,4348,4638,1887,2841,3058,3403,4560,1561,5625,1775,927,1447,0,0
GTCAA,2767,193,7189,5522,4100,3084,3460,3571,3264,2221,2787,2877,3893,3800,1362,2272,2486,2630,3777,1146,3434,1603,657,1263,0,0
GTCAC,2987,233,8375,5841,4951,3034,3468,4065,3998,2567,3490,3225,5036,4432,1408,2627,2821,4149,5127,1216,6420,2063,924,2078,0,0
GTCAG,3785,285,11224,7261,5842,3408,4432,5116,5018,3149,4302,3874,6280,5341,1580,3296,3735,5471,6834,1467,7529,2611,1127,2811,0,0
GTCAT,3383,263,8543,6757,5107,3609,4104,4371,4138,2699,3328,3524,5195,4697,1661,2707,3163,3584,4726,1451,4728,1959,833,1716,0,0
GTCCA,3806,218,11421,7577,6012,3744,4704,5180,5172,3495,4676,4167,6760,5684,1654,3466,3929,5591,7110,1584,8203,2911,1238,2933,0,0
GTCCC,3688,165,10469,6324,5005,2799,3772,4636,5198,3164,4597,3701,6388,5380,1400,3180,3534,6352,7547,1206,10381,2936,1120,3171,0,0
GTCCG,1083,44,3352,1986,1600,1148,1516,1443,1727,1242,1504,1305,2061,1578,524,1057,1176,2177,2539,567,3338,1073,425,1151,0,0
GTCCT,4196,211,12569,7888,6300,3791,4929,5501,5796,3918,5102,4522,7184,5986,1896,3627,4181,6464,8112,1575,9599,3234,1282,3187,0,0
GTCGA,802,72,2126,1438,1233,916,999,1067,1043,783,888,847,1255,1087,367,739,794,1090,1390,352,1665,606,248,610,0,0
GTCGC,1165,62,2818,1811,1364,944,1304,1305,1536,994,1330,1086,1759,1372,468,893,971,1740,1976,426,2841,884,336,932,0,0
GTCGG,1305,50,3464,2190,1707,1135,1473,1617,1805,1293,1557,1379,2188,1719,561,1145,1152,2214,2637,505,3723,1105,418,1121,0,0
GTCGT,995,37,2378,1716,1344,950,1218,1207,1352,865,1055,1001,1569,1264,458,834,838,1396,1709,434,2230,695,321,755,0,0
GTCTA,1538,99,4000,3095,2312,1652,2019,1957,1891,1270,1503,1573,2134,2146,813,1238,1370,1505,2030,662,2004,718,447,641,0,0
GTCTC,3728,253,10287,6741,5153,3348,4093,4911,4675,3041,4238,3775,5913,5194,1583,3158,3583,4894,6572,1342,7610,2407,1037,2417,0,0
GTCTG,3912,238,11827,7544,6203,3752,4747,5303,5330,3519,4583,4284,6690,5752,1766,3488,4127,5561,6882,1588,7377,2756,1208,2769,0,0
GTCTT,3995,283,10972,8254,5965,4326,4863,5231,4972,3425,4133,4144,5771,5569,2069,3281,3781,4546,5674,1705,5958,2227,1060,1971,0,0
GTTAA,1966,271,4830,4819,3178,2829,2963,2802,2608,1970,1895,2274,2490,2947,1422,1789,1773,1596,2179,1101,1530,861,577,575,0,0
GTTAC,1745,169,4540,3753,2621,2116,2155,2340,2110,1491,1631,1707,2215,2566,1003,1497,1630,1488,2123,812,1686,812,456,647,0,0
GTTAG,1382,133,3409,2951,2095,1570,1710,1809,1710,1243,1254,1447,1798,2016,712,1182,1372,1180,1811,608,1470,665,341,559,0,0
GTTAT,1860,212,5139,4500,3176,2732,2686,2743,2563,1875,1751,2123,2486,2773,1220,1698,1754,1461,2123,1018,1524,826,489,581,0,0
GTTCA,3251,327,9263,7096,5158,3901,4164,4576,4399,2898,3499,3424,4689,4660,1843,2978,3179,3541,4920,1531,5055,2028,938,1711,0,0
GTTCC,3623,243,9497,6641,5048,3165,3986,4472,4471,2959,3722,3538,5444,4979,1593,2873,3313,4316,5737,1351,5948,2152,962,2125,0,0
GTTCG,841,69,2050,1425,1123,815,1037,1048,954,689,850,832,1126,1081,357,679,737,1067,1257,331,1527,511,240,515,0,0
GTTCT,4114,337,11194,8544,6549,4378,5132,5765,5460,3569,4482,4412,6116,6043,2225,3627,4252,4649,6402,1858,6118,2504,1149,2166,0,0
GTTGA,2947,248,7478,6006,4535,3216,3531,3643,3954,2424,2961,3146,4345,4089,1525,2516,2773,2971,4102,1276,4155,1599,675,1344,0,0
GTTGC,2643,223,6678,4939,3857,2619,2973,3282,3251,2141,2649,2508,3799,3590,1278,2260,2399,2803,3742,1079,3550,1503,667,1305,0,0
GTTGG,3360,238,8933,6206,4907,3115,3817,4264,4260,2675,3471,3341,5308,4604,1404,2696,3206,4109,5351,1290,5580,2025,859,2080,0,0
GTTGT,2787,244,7328,5931,4352,3304,3775,3821,3888,2509,2942,3065,4369,4404,1573,2388,2670,2908,3963,1363,3661,1569,760,1398,0,0
GTTTA,2262,296,5757,5621,3694,3247,3268,3281,3044,2249,2203,2648,2793,3369,1666,2075,2153,1753,2512,1289,1953,1054,663,685,0,0
GTTTC,3992,381,9914,8603,5911,4580,5035,5510,5156,3514,3958,4404,5204,5657,2281,3388,3717,4050,5168,1807,6041,2074,1046,1644,0,0
GTTTG,3412,288,8738,7284,5351,4128,4293,4658,4569,3065,3609,3958,4730,4952,1874,2857,3221,3513,4645,1695,4049,1932,941,1577,0,0
GTTTT,4877,419,12344,11960,8339,6915,7133,7256,6666,4962,5287,5925,6043,7315,3433,4489,4745,4175,5692,2691,4460,2353,1470,1644,0,0
TACAA,2964,324,7526,7046,4895,3980,4169,4237,4025,2772,3032,3351,3991,4463,1970,2817,2805,2585,3641,1548,3897,1439,761,1118,0,0
TACAC,1972,173,5222,4227,3170,2291,2564,2707,2612,1892,2126,2176,3070,2744,1065,1689,1887,1997,2786,973,3207,1006,553,961,0,0
TACAG,3520,421,9901,7788,5618,4158,4737,5055,4610,3341,3802,4017,5297,5394,1954,3217,3712,3567,5054,1621,4619,1989,930,1598,0,0
TACAT,2873,292,7269,6877,4815,3923,4039,4156,3832,2810,2903,3310,4030,4341,1863,2499,2754,2444,3479,1447,3939,1350,737,1020,0,0
TACCA,3222,296,7806,6719,4687,3554,3747,4144,4020,2692,3056,3057,4391,4402,1619,2707,2895,3011,4146,1328,3578,1588,733,1396,0,0
TACCC,2125,150,5534,3596,3032,1833,2192,2622,2580,1654,2031,1996,3287,2819,792,1707,1895,2337,3298,698,3590,1283,451,1159,0,0
TACCG,877,97,2136,1397,1195,764,936,957,1060,746,881,827,1221,1060,388,657,729,1054,1332,292,1625,561,242,499,0,0
TACCT,4289,419,11988,9400,6924,4972,5513,5886,5612,3863,4644,4690,6228,6617,2313,3868,4243,4413,6190,1945,4972,2438,1141,2117,0,0
TACGA,702,47,1718,1393,1018,730,887,896,947,665,691,726,1044,1003,367,613,614,850,1128,291,1375,422,219,449,0,0
TACGC,500,17,1390,950,683,475,625,671,713,437,557,531,794,608,241,475,534,742,909,192,1010,383,159,381,0,0
TACGG,704,70,1900,1347,1019,604,792,920,1005,611,802,749,1117,1001,323,624,720,989,1246,271,1496,516,238,463,0,0
TACGT,748,44,1908,1587,1126,833,954,920,990,730,766,804,1046,1021,435,603,726,844,1134,312,1167,456,238,424,0,0
TACTA,1660,175,4244,3888,2673,2185,2323,2279,2182,1536,1558,1739,2140,2465,1097,1588,1478,1172,1926,824,1612,659,412,516,0,0
TACTC,2340,230,6444,4672,3544,2504,2862,3025,2798,1893,2321,2322,3251,3334,1158,1901,2064,2212,3233,937,2950,1265,549,1032,0,0
TACTG,3137,237,7784,6565,4913,3674,4030,4238,3961,2742,3151,3162,4310,4433,1655,2757,2980,2798,4044,1370,4316,1559,747,1345,0,0
TACTT,3603,338,9227,8488,5820,4708,4860,5017,4628,3404,3389,3926,4656,5175,2274,3197,3367,2823,4131,1802,2808,1698,899,1270,0,0
TATAA,2717,353,6754,6965,4693,4303,4176,4099,3620,2991,2507,3141,3227,4091,1988,2629,2562,1727,2721,1518,2142,1036,638,655,0,0
TATAC,1697,241,3833,3992,2618,2263,2217,2319,2043,1506,1470,1867,2099,2334,1071,1404,1457,1058,1718,874,1214,645,428,464,0,0
TATAG,1763,197,4470,4079,2899,2334,2469,2389,2165,1514,1581,1920,2329,2548,1082,1582,1496,1203,1874,830,1504,702,419,494,0,0
TATAT,2813,407,6863,7398,4767,4244,4386,4229,3815,2982,2380,3265,3350,4316,2048,2677,2530,1483,2883,1716,1896,1099,652,622,0,0
TATCA,2769,363,6660,6250,4289,3608,3770,3813,3228,2393,2580,2939,3627,4034,1708,2372,2512,2313,2997,1391,2121,1148,696,757,0,0
TATCC,2148,296,5552,4175,3194,2323,2600,2781,2605,1756,1924,2150,2951,3022,1116,1818,1943,1795,2710,906,2322,1045,452,831,0,0
TATCG,577,43,1269,971,744,524,649,672,641,441,453,567,681,679,274,456,473,483,701,260,652,306,146,201,0,0
TATCT,2977,364,7363,6801,4792,3741,4103,4141,3867,2691,2791,3265,3994,4308,1905,2698,2910,2232,3391,1459,2742,1289,685,935,0,0
TATGA,3184,268,7331,6476,4591,3833,3888,4006,3733,2691,2803,3139,3861,4175,1793,2381,2614,2176,3352,1297,4729,1254,648,984,0,0
TATGC,1900,248,4626,3814,2866,2125,2276,2410,2297,1561,1750,1934,2570,2546,1101,1555,1768,1455,2246,853,1814,873,396,694,0,0
TATGG,2455,278,6263,4698,3584,2623,2880,3120,3016,2016,2407,2364,3419,3363,1178,1987,2186,2091,3090,1016,3146,1170,648,1016,0,0
TATGT,2760,258,6957,6520,4427,3784,3891,3891,3619,2672,2703,2900,3731,3989,1765,2412,2473,1972,2983,1373,3178,1235,703,846,0,0
TATTA,2621,378,6386,7210,4617,4228,4139,3977,3553,2752,2554,3109,3179,4157,2012,2568,2492,1891,2603,1540,1473,1004,607,606,0,0
TATTC,2822,354,7182,6711,4566,3771,3878,3939,3564,2716,2681,3023,3625,4140,1838,2386,2623,1982,3127,1378,2444,1104,653,787,0,0
TATTG,2536,322,6238,5818,3915,3312,3415,3416,3112,2351,2294,2729,3298,3686,1646,2082,2240,1625,2593,1234,1849,1043,567,670,0,0
TATTT,5481,617,13963,14842,9575,8784,8286,8467,7642,6030,5241,6751,6790,8787,4280,5313,5384,3849,5852,3330,3644,2376,1469,1398,0,0
TCCAA,4384,343,11516,9113,6749,5023,5534,6037,5554,3883,4405,4690,6192,6369,2270,3737,4290,4242,5990,1971,5225,2391,1103,2019,0,0
TCCAC,4904,426,13900,9593,7663,4957,5738,6480,6706,4361,5513,5203,8352,7240,2063,4400,4870,7199,8686,1975,10233,3415,1475,3440,0,0
TCCAG,7916,553,23641,14758,11976,7416,9194,10615,10775,7037,9178,8129,13230,11909,3307,7033,8349,10944,14796,2941,16895,5604,2210,5778,0,0
TCCAT,4823,358,12956,9878,7454,5182,5854,6373,6019,4149,5018,5011,7005,6702,2436,4170,4411,4942,6722,2111,6448,2662,1211,2378,0,0
TCCCA,5523,301,15107,9653,7950,4681,5904,7064,7223,4514,5981,5485,9047,7761,2150,4529,5165,7166,9363,1812,11723,3491,1328,3574,0,0
TCCCC,5122,202,15079,8393,6781,3629,5138,6691,7000,4192,5988,5037,9111,7504,1847,4221,5077,8507,10684,1610,14343,3833,1421,4178,0,0
TCCCG,2106,120,6300,3764,2899,1915,2430,2710,3108,2005,2778,2351,3802,2922,902,1901,2184,3915,4673,885,6430,1792,723,1951,0,0
TCCCT,5005,324,14226,8940,7085,4099,5376,6623,6677,4073,5478,4955,8337,7325,1884,4188,4890,7057,9375,1673,10773,3445,1316,3508,0,0
TCCGA,1350,72,3438,2322,1813,1245,1582,1673,1768,1205,1527,1433,2017,1825,630,1128,1233,2024,2327,541,2759,1059,408,937,0,0
TCCGC,1668,99,4783,2883,2255,1513,1998,2144,2452,1733,2122,1870,2939,2140,716,1433,1667,3343,3669,717,4995,1510,535,1603,0,0
TCCGG,1843,64,5455,3335,2575,1614,2148,2361,2725,1828,2308,2154,3375,2673,787,1637,1843,3257,4103,744,5208,1591,621,1575,0,0
TCCGT,1194,45,3230,2249,1809,1132,1410,1538,1751,1165,1481,1329,1927,1664,543,1057,1160,1915,2341,549,2739,897,470,983,0,0
TCCTA,2524,186,6731,5090,3802,2717,3287,3242,3209,2152,2399,2714,3881,3740,1322,2108,2330,2395,3538,1091,3222,1332,583,1048,0,0
TCCTC,7989,476,21029,13111,10703,6439,8106,9686,9707,6433,8214,7557,12220,10453,2985,6392,7683,10435,13647,2688,15825,5170,2061,5202,0,0
TCCTG,7816,521,22621,14311,11440,6718,8599,9990,10486,6786,8925,7928,13062,10971,3296,6564,8408,11315,14227,2754,16062,5584,2352,5495,0,0
TCCTT,6152,454,17333,12533,9244,6352,7453,8376,7843,5320,6574,6761,8990,9080,3123,5357,6288,6578,9435,2486,9194,3734,1637,3255,0,0
TCTAA,2318,217,6090,5765,3902,3273,3415,3538,3119,2430,2297,2683,2972,3594,1661,2172,2339,1750,2750,1247,2026,1021,661,687,0,0
TCTAC,2688,199,7038,5312,3968,2772,3166,3497,3437,2284,2736,2650,4038,3708,1296,2383,2374,2755,3739,1090,3514,1346,664,1315,0,0
TCTAG,2109,304,5690,4517,3253,2258,2864,2753,2543,1674,2090,2224,2902,3133,1159,1879,2116,1985,2950,895,2428,1110,569,898,0,0
TCTAT,2541,278,6465,5587,4025,3263,3395,3598,3163,2337,2364,2716,3450,3645,1540,2195,2319,1905,2907,1222,2359,1120,630,844,0,0
TCTCA,4905,353,12918,9322,7305,4917,5569,6459,6026,4039,5161,4910,7232,6954,2205,4092,4758,5355,7210,1862,7590,2699,1190,2445,0,0
TCTCC,6875,335,19181,12593,9627,6018,7509,9122,9112,5829,7600,6920,11000,9836,2705,5748,7427,9230,12208,2445,15386,4425,1791,4578,0,0
TCTCG,1707,112,4424,2953,2210,1498,1936,2026,2289,1446,1821,1689,2583,2283,779,1430,1554,2391,3030,661,3656,1267,496,1210,0,0
TCTCT,6875,529,17923,12979,10001,6830,8079,8923,8545,5525,6930,7004,9865,9927,3269,5807,6587,7036,9834,2814,11889,3793,1697,3545,0,0
TCTGA,5327,436,14288,11114,8382,5896,6675,7390,6649,4558,5575,5665,7607,7445,2783,4465,5158,5389,7500,2351,7201,2826,1474,2484,0,0
TCTGC,5780,420,16478,11179,8943,5500,6712,7664,7671,5318,6780,6436,9834,8415,2643,5236,5820,8374,10610,2294,10430,4191,1887,4097,0,0
TCTGG,6584,441,17653,11756,9226,5653,7301,8169,8107,5148,6978,6504,10355,8696,2551,5248,6636,8085,10689,2307,11404,4191,1654,3982,0,0
TCTGT,5414,479,15875,11807,8713,6263,7088,7939,7554,4908,6023,6203,8537,8262,3012,5020,5693,5960,8320,2632,8170,3327,1539,2975,0,0
TCTTA,3029,322,7626,6780,4722,3834,4112,4280,3707,2866,2970,3431,4034,4644,1873,2751,2879,2363,3540,1487,3200,1359,726,975,0,0
TCTTC,8613,552,23362,16989,12952,8897,10246,11327,10688,7324,8425,8779,12310,12053,4135,7444,8549,8695,12194,3551,11684,4746,2207,4186,0,0
TCTTG,5102,423,13850,10384,7715,5480,5939,6740,6252,4233,5173,5296,7417,7103,2431,4324,4937,5493,7532,2094,6990,2904,1282,2543,0,0
TCTTT,7605,676,19245,17277,11955,9567,9945,10582,9695,6795,7637,8264,9901,11113,4609,6580,7185,6494,8867,3678,7373,3732,1822,2746,0,0
TGCAA,3777,346,9637,8318,6027,4444,4658,5170,4980,3595,3973,4118,5239,5365,2225,3193,3553,3725,4835,1732,4467,1972,1039,1629,0,0
TGCAC,3222,220,9061,6574,5135,3269,3981,4407,4479,3271,3798,3784,5613,4686,1551,3089,3339,5157,6017,1470,6834,2465,1113,2435,0,0
TGCAG,7307,439,21445,14413,11664,6850,8836,9682,10134,7426,9026,8137,13138,10856,3406,6805,7941,11596,14430,2932,15101,5783,2483,5958,0,0
TGCAT,3458,328,8529,7529,5451,4024,4264,4764,4465,3242,3612,3823,5084,4924,2022,2917,3241,3410,4636,1667,4554,1925,900,1757,0,0
TGCCA,5685,362,14895,10356,8329,5234,6043,6879,6803,4534,5901,5524,8993,7681,2286,4656,5638,6834,8922,2089,8966,3677,1561,3477,0,0
TGCCC,4996,215,15701,8764,7745,3649,5206,6350,6905,4420,6361,5116,10239,7212,1667,4418,5213,8773,11178,1582,13278,4257,1424,4700,0,0
TGCCG,1931,63,5640,3597,2738,1758,2218,2462,2850,2006,2545,2201,3579,2615,810,1699,1843,3716,4124,766,5322,1756,736,1833,0,0
TGCCT,5235,375,14765,9440,7793,4720,5594,6300,6288,4422,5631,5225,8465,7213,2122,4380,4976,7048,8928,1879,9140,3483,1359,3347,0,0
TGCGA,988,66,2394,1820,1342,972,1080,1243,1359,832,1071,1042,1477,1260,434,848,923,1428,1668,394,2117,766,282,702,0,0
TGCGC,1457,75,4228,2680,2192,1285,1802,1842,2211,1624,1937,1705,2826,1867,664,1346,1494,2891,3306,636,4773,1379,581,1532,0,0
TGCGG,2142,95,5938,3444,2911,1720,2182,2542,3154,2172,2778,2260,3961,2704,798,1734,2074,4278,4482,775,6479,1938,713,2077,0,0
TGCGT,1003,52,2554,1776,1433,944,1110,1258,1408,1007,1232,1067,1630,1249,464,918,994,1732,1823,393,2543,808,389,845,0,0
TGCTA,2421,196,5887,4998,3610,2733,2788,3015,2830,1997,2164,2350,3352,3293,1280,2096,2255,1910,2865,1026,2166,1089,569,922,0,0
TGCTC,4879,275,13955,9387,7484,4513,5572,6246,6377,4278,5564,5004,8409,6920,2096,4136,5231,6832,8810,1791,8949,3457,1478,3477,0,0
TGCTG,8318,543,24410,15954,13194,7931,9528,10762,11433,7693,9849,8598,14808,11913,3569,7401,8529,12074,15565,3208,15248,6051,2756,6294,0,0
TGCTT,5052,515,13129,10453,7844,5908,6162,6661,6269,4517,5269,5504,6949,7001,2822,4380,4753,5021,7082,2327,5698,2820,1351,2453,0,0
TGTAA,3010,392,7783,7597,5180,4409,4513,4611,4271,3151,3101,3728,3933,4824,2121,2900,3041,2576,3647,1699,4245,1459,810,979,0,0
TGTAC,2423,147,6455,5321,3804,2698,3098,3357,2959,2188,2747,2677,3770,3453,1362,2111,2283,2623,3645,1051,3634,1347,670,1278,0,0
TGTAG,2967,221,8411,6195,4825,3342,3743,3979,4095,2663,3097,3224,4727,4304,1511,2682,3027,3210,4423,1312,4839,1730,739,1520,0,0
TGTAT,2901,453,7208,6775,4670,3885,4135,4182,3719,2805,2903,3224,3919,4315,1850,2516,2769,2176,3235,1497,2935,1248,748,911,0,0
TGTCA,4279,384,11359,8896,6831,4883,5464,5656,5463,3518,4606,4483,6535,6211,2202,3598,3958,4454,6157,1871,5789,2517,1058,2176,0,0
TGTCC,4384,231,13075,8391,6730,3985,5188,5827,6173,4084,5436,4716,7622,6557,1867,3836,4487,6791,8480,1758,9760,3306,1444,3490,0,0
TGTCG,1154,77,3039,2037,1662,1145,1552,1475,1626,1104,1301,1192,1846,1608,559,1025,1079,1721,2012,496,2697,862,367,917,0,0
TGTCT,4737,330,13709,9651,7406,5187,5886,6462,6115,4146,5226,5142,7284,7066,2397,4159,4676,5807,7238,2044,7334,2823,1320,2638,0,0
TGTGA,4249,351,11625,9023,6915,5161,5428,5949,5978,3754,4774,4753,6696,6105,2317,3646,4108,4793,6276,1977,8464,2575,1220,2224,0,0
TGTGC,3613,212,10573,7438,6165,3733,4437,4978,5261,3597,4383,4152,6765,5400,1747,3485,3968,5532,6870,1571,6994,2807,1206,2793,0,0
TGTGG,5562,380,15789,10478,9085,5326,6438,7244,7788,4835,6504,5750,10189,8204,2198,4748,5717,7822,9745,2127,13307,3979,1607,3935,0,0
TGTGT,4117,325,11789,9145,6909,4915,5440,5724,6131,4065,4935,4989,6939,6211,2203,3747,4367,5175,6520,1995,7341,2732,1297,2398,0,0
TGTTA,2638,268,6777,6518,4256,3826,3691,3682,3468,2531,2458,2956,3356,3933,1741,2352,2470,1936,2939,1395,1879,1160,711,775,0,0
TGTTC,4092,399,11370,8615,6652,4530,5224,5776,5471,3733,4357,4541,6191,6185,2274,3662,4268,4558,6137,2019,5608,2462,1189,2130,0,0
TGTTG,4414,367,11480,9124,6727,4809,5507,5621,5860,3802,4479,4504,6537,6301,2320,3661,4167,4515,6047,1993,5517,2436,1095,2133,0,0
TGTTT,5800,611,14836,14207,9750,8016,8240,8498,8035,5756,6193,7024,7565,8796,3896,5178,5788,5212,6894,3180,5438,2933,1655,2045,0,0
TTCAA,4640,477,11931,11110,7367,6103,6259,6392,6099,4422,4681,5252,5828,6754,2960,4171,4250,3751,5458,2472,4808,2258,1218,1635,0,0
TTCAC,4069,367,10549,8569,6204,4647,5124,5428,5396,3609,4174,4312,5787,5685,2214,3443,3747,4328,5807,1894,7037,2303,1111,1956,0,0
TTCAG,6296,624,17241,13712,9859,6941,7902,8748,8226,5634,6542,6734,8766,9102,3390,5526,5968,6501,8788,2871,7920,3517,1756,2897,0,0
TTCAT,5614,548,14159,12271,8953,7263,7521,7620,7158,5060,5673,6114,7555,8104,3534,4868,5099,4514,6916,2753,7472,2756,1350,2149,0,0
TTCCA,6356,469,16754,13289,10029,7200,7993,8667,8312,5666,6651,6865,8867,9134,3444,5463,6171,6726,8872,2842,8377,3501,1666,3048,0,0
TTCCC,5049,312,14041,8838,7083,4424,5529,6468,6341,4143,5248,5100,7788,7128,2099,4111,4620,6191,8426,1796,9962,3087,1267,2910,0,0
TTCCG,1471,45,4019,2786,2194,1365,1731,1988,2137,1450,1780,1656,2403,2117,709,1298,1423,2340,2780,592,3380,1125,450,1091,0,0
TTCCT,7511,578,20132,14663,11152,7417,8827,9726,9271,6292,7481,7920,10742,10659,3690,6303,7358,7862,10969,3020,10488,4339,1975,3647,0,0
TTCGA,1136,85,2854,2151,1629,1169,1446,1444,1343,1015,1108,1226,1479,1480,603,910,1018,1184,1602,478,1995,702,318,658,0,0
TTCGC,874,56,2118,1633,1193,903,1023,1075,1130,780,934,939,1290,1159,434,756,850,1082,1495,344,1826,615,247,580,0,0
TTCGG,1339,102,3227,2249,1741,1171,1427,1636,1561,1051,1376,1254,1831,1732,557,1039,1157,1670,2044,503,2263,835,338,813,0,0
TTCGT,1138,85,2730,2055,1542,1205,1352,1429,1369,999,1093,1129,1458,1401,577,868,946,1259,1557,439,1751,608,351,567,0,0
TTCTA,3325,391,8941,7948,5463,4430,4664,4970,4499,3296,3406,3774,4520,5121,2232,3160,3253,2709,4052,1695,3073,1514,873,1143,0,0
TTCTC,6859,494,18522,13536,10361,7030,8340,9228,9069,5933,7285,7234,9937,10012,3370,5866,6911,7656,10154,2806,12735,4047,1741,3673,0,0
TTCTG,7194,624,19461,15052,11053,8148,8945,10060,9228,6417,7634,7871,10293,10084,3794,6207,7211,7437,10356,3174,9572,4115,2021,3496,0,0
TTCTT,8991,804,23470,19952,14156,11057,11792,12712,11499,8057,8959,9936,12002,13464,5150,7958,8639,7679,11239,4247,9339,4523,2220,3403,0,0
TTTAA,4573,581,11607,13162,8065,7302,7452,7205,6591,5131,4645,5865,5517,7282,3917,4472,4602,3503,5019,3023,3013,2066,1426,1250,0,0
TTTAC,2906,429,7562,7618,5076,4344,4325,4354,4022,2974,2948,3531,3710,4480,2119,2771,2905,2276,3192,1606,2733,1400,790,938,0,0
TTTAG,2771,293,7054,6920,4566,3938,4034,4127,3702,2816,2758,3321,3428,4256,1971,2595,2768,2011,3261,1504,2607,1171,772,765,0,0
TTTAT,4568,540,11613,12258,7986,7220,7073,7125,6316,4993,4639,5622,5831,7120,3523,4459,4457,3307,4710,2717,3625,1974,1218,1232,0,0
TTTCA,6317,767,15299,15060,10084,8319,8540,8745,8267,5842,6201,7143,7643,9103,4157,5435,5701,4998,7131,3448,5800,2914,1709,2043,0,0
TTTCC,6183,473,16205,12597,9569,7077,7929,8453,7950,5564,6313,6846,8220,9059,3451,5255,5778,6054,8408,2736,8259,3329,1604,2531,0,0
TTTCG,1084,89,2330,1981,1428,1123,1214,1363,1200,893,952,1089,1290,1323,552,782,937,1052,1351,451,1357,552,290,478,0,0
TTTCT,9094,887,23561,20673,14203,11498,12303,13104,11742,8461,9408,10454,11774,13604,5479,8098,8694,7750,10855,4373,10475,4375,2344,3194,0,0
TTTGA,4778,385,11999,11010,7525,6130,6227,6543,6036,4364,4699,5377,6229,6791,2887,4130,4331,3921,5696,2363,4872,2385,1219,1789,0,0
TTTGC,4028,317,10240,9032,6429,5045,5079,5666,5286,3753,4217,4453,5618,5861,2381,3302,3801,3940,5242,1882,4781,2124,1087,1724,0,0
TTTGG,4984,387,11970,9899,7387,5678,5991,6477,5887,4148,4786,5284,6649,6773,2652,3947,4592,4563,6311,2117,5186,2571,1202,1987,0,0
TTTGT,5094,524,13141,12367,8437,7049,7279,7267,7098,4871,5496,5986,6930,7875,3422,4692,4852,4795,6235,2786,5447,2654,1381,1901,0,0
TTTTA,5493,804,13951,15354,9794,8938,8833,8678,7980,6162,5723,7117,6698,8832,4630,5508,5496,4108,5736,3560,3857,2418,1632,1500,0,0
TTTTC,7735,796,20302,18196,12757,10524,10967,11200,10371,7455,8090,9288,9775,11755,5109,7011,7339,6276,8952,4099,7309,3700,2160,2467,0,0
TTTTG,5586,468,13954,13416,9263,7933,7984,8186,7383,5514,5585,6621,7052,8317,3831,4935,5100,4614,6512,2946,4607,2750,1621,1839,0,0
TTTTT,9949,1326,25494,26222,17743,15230,15762,15526,14507,10499,10344,12647,12751,16192,8020,9922,10071,7831,11858,5858,8640,4870,3001,3109,0,0
