,X,1,2,3,4,5,6,7,8,9,10,11,12,13,14,15,16,17,18,19
AA,0.068824433,0.077281525,0.069515004,0.064484989,0.058392654,0.056190554,0.058153465,0.052866615,0.047785576,0.045761164,0.050325437,0.043230081,0.04570712,0.046067453,0.048428381,0.038773805,0.037960354,0.034416315,0.034303025,0.02153205
AC,0.060496482,0.075588763,0.07040764,0.060992467,0.059324556,0.058524857,0.057447533,0.055740813,0.049408877,0.047826566,0.049810402,0.046951096,0.045780509,0.046056316,0.047345715,0.039121229,0.036891241,0.035901508,0.034023155,0.022360275
AG,0.060320452,0.075293732,0.070639594,0.060255802,0.059913895,0.058254375,0.057334913,0.056726541,0.049240981,0.048268831,0.049179894,0.047982428,0.045839534,0.045740741,0.047102292,0.039199829,0.036483089,0.035921669,0.033794992,0.022506416
AT,0.070360148,0.07762224,0.068954472,0.064718153,0.058023795,0.056323744,0.058254542,0.052978125,0.048042083,0.045087365,0.050470747,0.042009088,0.045793373,0.04577226,0.048703095,0.039070991,0.038338061,0.034264291,0.034171062,0.021042367
CA,0.060439466,0.075389111,0.070535488,0.060575248,0.059503426,0.058587925,0.057404696,0.05647343,0.049512532,0.047954026,0.049389765,0.047263011,0.04581177,0.045879172,0.047306304,0.039163158,0.036715852,0.035946142,0.033873326,0.022276152
CC,0.057598865,0.073366382,0.071012844,0.057515397,0.061036532,0.059934581,0.056361624,0.059411602,0.050204553,0.049069858,0.048692157,0.050883816,0.045572453,0.045100914,0.046036986,0.03954385,0.035351456,0.037142814,0.033093558,0.023069758
CG,0.044652609,0.06989713,0.071784616,0.056091758,0.062400763,0.063494338,0.05490671,0.057567155,0.053039009,0.050167315,0.051845444,0.054531858,0.044858451,0.046103441,0.044102336,0.040597589,0.03521154,0.03974954,0.033520973,0.025477424
GA,0.062142137,0.075635076,0.070096266,0.061118403,0.059586508,0.057881766,0.057519305,0.056370958,0.049128465,0.047619746,0.049459385,0.046703948,0.045740246,0.045875757,0.047407601,0.039182156,0.036727256,0.03569083,0.033867741,0.02224645
GC,0.054347146,0.073464584,0.071810726,0.057719152,0.060938037,0.060143879,0.056540258,0.058260735,0.050462137,0.049644279,0.048859841,0.051292253,0.045816638,0.045450742,0.046081606,0.039547174,0.035745383,0.037123408,0.033474168,0.023277854
TA,0.070151767,0.077786933,0.069150711,0.064813286,0.058036522,0.056222781,0.058230163,0.052211778,0.047787525,0.045224568,0.050681219,0.042307114,0.045866353,0.045747395,0.048618928,0.039045295,0.03845773,0.034186053,0.034257999,0.021215882