 ,X,Y,1,2,3,4,5,6,7,8,9,10,11,12,13,14,15,16,17,18,19,MT,M
AA,289596,8366,436492,555111,325620,374492,395742,336900,463144,280022,377521,308274,442886,234046,252491,245797,235748,207877,278151,184796,201677,0,0
AC,189546,4500,330522,448483,239915,322232,333544,267494,425964,255113,307121,248888,402629,181843,183901,191341,210085,161324,254325,142475,169946,0,0
AG,273996,5788,478913,651440,343890,477715,483710,388503,630927,369033,445318,356176,608904,261170,259569,280072,309920,234218,371940,201750,251572,0,0
AT,115500,3332,167376,219640,123639,145746,151923,133585,193774,109854,149570,118508,174419,88562,95829,94795,92134,79668,112559,70975,79345,0,0
CA,278129,6128,476087,657331,342323,471933,482074,391409,638602,370434,447418,357482,595566,260254,263050,278273,307723,233366,373939,202979,248769,0,0
CC,217226,3434,406210,577922,291471,447340,444825,340102,611292,354762,397400,322008,586862,221182,213383,243647,294246,199126,362199,172508,235815,0,0
CG,31283,392,69593,98314,52146,78785,83773,56476,97096,68340,68471,62012,101076,42853,39812,41296,53749,34787,61930,34204,42156,0,0
GA,238919,5106,410840,549871,297444,399861,409877,333151,527757,309522,377906,304500,504768,222590,225671,237880,258086,198730,312547,174362,211452,0,0
GC,92951,1535,176077,253123,126368,192045,194514,145777,254393,155405,171955,141852,248954,101127,96194,105680,128205,88408,151111,77965,101381,0,0
TA,88978,2875,128971,166378,95966,110079,114861,99579,139284,82205,113415,90250,130531,68789,73439,72655,69437,61513,82679,54540,60184,0,0
